bidding_exercise,date,year,category,quota,price,total_bids,success_bids
November 2021 First Open Bidding Exercise,2021-11-03,2021,Cat B (Cars above 1600cc or 97kW),587,82801,839,581
October 2021 Second Open Bidding Exercise,2021-10-20,2021,Cat B (Cars above 1600cc or 97kW),774,80210,1240,767
October 2021 First Open Bidding Exercise,2021-10-06,2021,Cat B (Cars above 1600cc or 97kW),774,70200,1130,774
September 2021 Second Open Bidding Exercise,2021-09-22,2021,Cat B (Cars above 1600cc or 97kW),772,68310,1189,768
September 2021 First Open Bidding Exercise,2021-09-08,2021,Cat B (Cars above 1600cc or 97kW),791,62600,1080,788
August 2021 Second Open Bidding Exercise,2021-08-18,2021,Cat B (Cars above 1600cc or 97kW),794,61001,1065,793
August 2021 First Open Bidding Exercise,2021-08-04,2021,Cat B (Cars above 1600cc or 97kW),771,56001,980,751
July 2021 Second Open Bidding Exercise,2021-07-22,2021,Cat B (Cars above 1600cc or 97kW),819,59501,1107,796
July 2021 First Open Bidding Exercise,2021-07-07,2021,Cat B (Cars above 1600cc or 97kW),840,56100,1087,840
June 2021 Second Open Bidding Exercise,2021-06-23,2021,Cat B (Cars above 1600cc or 97kW),809,56032,983,799
June 2021 First Open Bidding Exercise,2021-06-09,2021,Cat B (Cars above 1600cc or 97kW),815,60109,1107,784
May 2021 Second Open Bidding Exercise,2021-05-19,2021,Cat B (Cars above 1600cc or 97kW),817,58089,1089,817
May 2021 First Open Bidding Exercise,2021-05-05,2021,Cat B (Cars above 1600cc or 97kW),819,60001,1244,813
April 2021 Second Open Bidding Exercise,2021-04-21,2021,Cat B (Cars above 1600cc or 97kW),956,61190,1585,949
April 2021 First Open Bidding Exercise,2021-04-07,2021,Cat B (Cars above 1600cc or 97kW),958,52309,1524,949
March 2021 Second Open Bidding Exercise,2021-03-17,2021,Cat B (Cars above 1600cc or 97kW),946,47001,1222,932
March 2021 First Open Bidding Exercise,2021-03-03,2021,Cat B (Cars above 1600cc or 97kW),942,45001,1121,926
February 2021 Second Open Bidding Exercise,2021-02-17,2021,Cat B (Cars above 1600cc or 97kW),942,46002,1168,938
February 2021 First Open Bidding Exercise,2021-02-03,2021,Cat B (Cars above 1600cc or 97kW),943,46790,1107,943
January 2021 Second Open Bidding Exercise,2021-01-20,2021,Cat B (Cars above 1600cc or 97kW),1023,49001,1396,1021
January 2021 First Open Bidding Exercise,2021-01-06,2021,Cat B (Cars above 1600cc or 97kW),1023,49001,1396,1021
December 2020 Second Open Bidding Exercise,2020-12-23,2020,Cat B (Cars above 1600cc or 97kW),1009,49300,1631,998
December 2020 First Open Bidding Exercise,2020-12-09,2020,Cat B (Cars above 1600cc or 97kW),1035,45012,1712,1019
November 2020 Second Open Bidding Exercise,2020-11-18,2020,Cat B (Cars above 1600cc or 97kW),1007,41101,1559,1006
November 2020 First Open Bidding Exercise,2020-11-04,2020,Cat B (Cars above 1600cc or 97kW),1013,39000,1415,985
October 2020 Second Open Bidding Exercise,2020-10-21,2020,Cat B (Cars above 1600cc or 97kW),793,40990,1272,793
October 2020 First Open Bidding Exercise,2020-10-07,2020,Cat B (Cars above 1600cc or 97kW),805,40690,1218,800
September 2020 Second Open Bidding Exercise,2020-09-23,2020,Cat B (Cars above 1600cc or 97kW),912,40989,1497,912
September 2020 First Open Bidding Exercise,2020-09-09,2020,Cat B (Cars above 1600cc or 97kW),904,41510,1715,892
August 2020 Second Open Bidding Exercise,2020-08-19,2020,Cat B (Cars above 1600cc or 97kW),923,38802,1727,912
August 2020 First Open Bidding Exercise,2020-08-05,2020,Cat B (Cars above 1600cc or 97kW),932,37102,1985,928
July 2020 Second Open Bidding Exercise,2020-07-22,2020,Cat B (Cars above 1600cc or 97kW),1339,35001,2497,1316
July 2020 First Open Bidding Exercise,2020-07-08,2020,Cat B (Cars above 1600cc or 97kW),1291,35889,3160,1260
March 2020 Second Open Bidding Exercise,2020-03-18,2020,Cat B (Cars above 1600cc or 97kW),992,30012,1366,943
March 2020 First Open Bidding Exercise,2020-03-04,2020,Cat B (Cars above 1600cc or 97kW),987,32801,1347,987
February 2020 Second Open Bidding Exercise,2020-02-19,2020,Cat B (Cars above 1600cc or 97kW),987,32889,1459,978
February 2020 First Open Bidding Exercise,2020-02-05,2020,Cat B (Cars above 1600cc or 97kW),984,30890,1173,980
January 2020 Second Open Bidding Exercise,2020-01-22,2020,Cat B (Cars above 1600cc or 97kW),1012,37705,1157,1008
January 2020 First Open Bidding Exercise,2020-01-08,2020,Cat B (Cars above 1600cc or 97kW),1022,37109,1229,1021
December 2019 Second Open Bidding Exercise,2019-12-18,2019,Cat B (Cars above 1600cc or 97kW),1015,36000,1251,1015
December 2019 First Open Bidding Exercise,2019-12-04,2019,Cat B (Cars above 1600cc or 97kW),1013,37900,1265,1003
November 2019 Second Open Bidding Exercise,2019-11-20,2019,Cat B (Cars above 1600cc or 97kW),1019,39700,1331,1016
November 2019 First Open Bidding Exercise,2019-11-06,2019,Cat B (Cars above 1600cc or 97kW),1017,40009,1296,1016
October 2019 Second Open Bidding Exercise,2019-10-23,2019,Cat B (Cars above 1600cc or 97kW),1044,41805,1503,1037
October 2019 First Open Bidding Exercise,2019-10-09,2019,Cat B (Cars above 1600cc or 97kW),1048,41361,1559,1042
September 2019 Second Open Bidding Exercise,2019-09-18,2019,Cat B (Cars above 1600cc or 97kW),1044,37000,1418,1042
September 2019 First Open Bidding Exercise,2019-09-04,2019,Cat B (Cars above 1600cc or 97kW),1046,36001,1289,1040
August 2019 Second Open Bidding Exercise,2019-08-21,2019,Cat B (Cars above 1600cc or 97kW),1045,38602,1415,1043
August 2019 First Open Bidding Exercise,2019-08-07,2019,Cat B (Cars above 1600cc or 97kW),1047,40001,1487,1043
July 2019 Second Open Bidding Exercise,2019-07-17,2019,Cat B (Cars above 1600cc or 97kW),1143,39406,1677,1140
July 2019 First Open Bidding Exercise,2019-07-03,2019,Cat B (Cars above 1600cc or 97kW),1141,34000,1390,1135
June 2019 Second Open Bidding Exercise,2019-06-19,2019,Cat B (Cars above 1600cc or 97kW),1141,35906,1418,1137
June 2019 First Open Bidding Exercise,2019-06-06,2019,Cat B (Cars above 1600cc or 97kW),1139,39728,1346,1137
May 2019 Second Open Bidding Exercise,2019-05-23,2019,Cat B (Cars above 1600cc or 97kW),1163,42564,1407,1161
May 2019 First Open Bidding Exercise,2019-05-08,2019,Cat B (Cars above 1600cc or 97kW),1139,48010,1360,1139
April 2019 Second Open Bidding Exercise,2019-04-17,2019,Cat B (Cars above 1600cc or 97kW),1205,48000,1634,1181
April 2019 First Open Bidding Exercise,2019-04-03,2019,Cat B (Cars above 1600cc or 97kW),1202,43102,1782,1202
March 2019 Second Open Bidding Exercise,2019-03-20,2019,Cat B (Cars above 1600cc or 97kW),1201,39401,1878,1195
March 2019 First Open Bidding Exercise,2019-03-06,2019,Cat B (Cars above 1600cc or 97kW),1233,36961,1903,1230
February 2019 Second Open Bidding Exercise,2019-02-20,2019,Cat B (Cars above 1600cc or 97kW),1214,35403,1993,1213
February 2019 First Open Bidding Exercise,2019-02-08,2019,Cat B (Cars above 1600cc or 97kW),1202,34509,1937,1169
January 2019 Second Open Bidding Exercise,2019-01-23,2019,Cat B (Cars above 1600cc or 97kW),1244,33989,2119,1230
January 2019 First Open Bidding Exercise,2019-01-09,2019,Cat B (Cars above 1600cc or 97kW),1245,32200,1818,1242
December 2018 Second Open Bidding Exercise,2018-12-19,2018,Cat B (Cars above 1600cc or 97kW),1243,31001,1804,1235
December 2018 First Open Bidding Exercise,2018-12-05,2018,Cat B (Cars above 1600cc or 97kW),1239,31001,1780,1230
November 2018 Second Open Bidding Exercise,2018-11-21,2018,Cat B (Cars above 1600cc or 97kW),1241,31101,1786,1234
November 2018 First Open Bidding Exercise,2018-11-08,2018,Cat B (Cars above 1600cc or 97kW),1265,32302,2142,1262
October 2018 Second Open Bidding Exercise,2018-10-17,2018,Cat B (Cars above 1600cc or 97kW),1273,31302,1856,1267
October 2018 First Open Bidding Exercise,2018-10-03,2018,Cat B (Cars above 1600cc or 97kW),1271,31301,1886,1241
September 2018 Second Open Bidding Exercise,2018-09-19,2018,Cat B (Cars above 1600cc or 97kW),1278,31307,1859,1269
September 2018 First Open Bidding Exercise,2018-09-05,2018,Cat B (Cars above 1600cc or 97kW),1274,32001,1959,1268
August 2018 Second Open Bidding Exercise,2018-08-23,2018,Cat B (Cars above 1600cc or 97kW),1272,32429,2031,1259
August 2018 First Open Bidding Exercise,2018-08-08,2018,Cat B (Cars above 1600cc or 97kW),1265,34381,2132,1256
July 2018 Second Open Bidding Exercise,2018-07-18,2018,Cat B (Cars above 1600cc or 97kW),1285,32551,1919,1278
July 2018 First Open Bidding Exercise,2018-07-04,2018,Cat B (Cars above 1600cc or 97kW),1288,31000,1637,1288
June 2018 Second Open Bidding Exercise,2018-06-20,2018,Cat B (Cars above 1600cc or 97kW),1316,33900,1729,1311
June 2018 First Open Bidding Exercise,2018-06-06,2018,Cat B (Cars above 1600cc or 97kW),1293,36000,1727,1285
May 2018 Second Open Bidding Exercise,2018-05-23,2018,Cat B (Cars above 1600cc or 97kW),1283,37989,1915,1247
May 2018 First Open Bidding Exercise,2018-05-09,2018,Cat B (Cars above 1600cc or 97kW),1280,38501,2155,1267
April 2018 Second Open Bidding Exercise,2018-04-18,2018,Cat B (Cars above 1600cc or 97kW),1417,37330,1919,1414
April 2018 First Open Bidding Exercise,2018-04-04,2018,Cat B (Cars above 1600cc or 97kW),1389,37605,1689,1388
March 2018 Second Open Bidding Exercise,2018-03-21,2018,Cat B (Cars above 1600cc or 97kW),1402,37010,1639,1374
March 2018 First Open Bidding Exercise,2018-03-07,2018,Cat B (Cars above 1600cc or 97kW),1390,39001,1731,1390
February 2018 Second Open Bidding Exercise,2018-02-21,2018,Cat B (Cars above 1600cc or 97kW),1391,39000,1744,1379
February 2018 First Open Bidding Exercise,2018-02-07,2018,Cat B (Cars above 1600cc or 97kW),1396,42322,1831,1396
January 2018 Second Open Bidding Exercise,2018-01-17,2018,Cat B (Cars above 1600cc or 97kW),1381,42661,1654,1380
January 2018 First Open Bidding Exercise,2018-01-04,2018,Cat B (Cars above 1600cc or 97kW),1374,45289,1811,1368
December 2017 Second Open Bidding Exercise,2017-12-20,2017,Cat B (Cars above 1600cc or 97kW),1374,47002,1634,1367
December 2017 First Open Bidding Exercise,2017-12-06,2017,Cat B (Cars above 1600cc or 97kW),1375,53711,1805,1375
November 2017 Second Open Bidding Exercise,2017-11-22,2017,Cat B (Cars above 1600cc or 97kW),1383,57390,2173,1383
November 2017 First Open Bidding Exercise,2017-11-08,2017,Cat B (Cars above 1600cc or 97kW),1376,57414,2515,1375
October 2017 Second Open Bidding Exercise,2017-10-19,2017,Cat B (Cars above 1600cc or 97kW),1285,49996,1718,1277
October 2017 First Open Bidding Exercise,2017-10-04,2017,Cat B (Cars above 1600cc or 97kW),1285,48109,1646,1284
September 2017 Second Open Bidding Exercise,2017-09-20,2017,Cat B (Cars above 1600cc or 97kW),1288,49189,1859,1288
September 2017 First Open Bidding Exercise,2017-09-06,2017,Cat B (Cars above 1600cc or 97kW),1290,49000,1704,1290
August 2017 Second Open Bidding Exercise,2017-08-23,2017,Cat B (Cars above 1600cc or 97kW),1293,51000,1683,1290
August 2017 First Open Bidding Exercise,2017-08-10,2017,Cat B (Cars above 1600cc or 97kW),1286,53711,1978,1281
July 2017 Second Open Bidding Exercise,2017-07-19,2017,Cat B (Cars above 1600cc or 97kW),1322,50001,1784,1314
July 2017 First Open Bidding Exercise,2017-07-05,2017,Cat B (Cars above 1600cc or 97kW),1322,49802,1910,1321
June 2017 Second Open Bidding Exercise,2017-06-21,2017,Cat B (Cars above 1600cc or 97kW),1321,47501,1651,1320
June 2017 First Open Bidding Exercise,2017-06-07,2017,Cat B (Cars above 1600cc or 97kW),1325,50110,1582,1324
May 2017 Second Open Bidding Exercise,2017-05-24,2017,Cat B (Cars above 1600cc or 97kW),1325,53001,1725,1325
May 2017 First Open Bidding Exercise,2017-05-11,2017,Cat B (Cars above 1600cc or 97kW),1320,55414,1996,1316
April 2017 Second Open Bidding Exercise,2017-04-26,2017,Cat B (Cars above 1600cc or 97kW),1369,54406,2000,1365
April 2017 First Open Bidding Exercise,2017-04-12,2017,Cat B (Cars above 1600cc or 97kW),1360,54405,1970,1360
March 2017 Second Open Bidding Exercise,2017-03-29,2017,Cat B (Cars above 1600cc or 97kW),1357,54000,2081,1345
March 2017 First Open Bidding Exercise,2017-03-15,2017,Cat B (Cars above 1600cc or 97kW),1371,53300,2298,1368
February 2017 Second Open Bidding Exercise,2017-02-24,2017,Cat B (Cars above 1600cc or 97kW),1377,50621,2126,1377
February 2017 First Open Bidding Exercise,2017-02-08,2017,Cat B (Cars above 1600cc or 97kW),1366,48209,1783,1352
January 2017 Second Open Bidding Exercise,2017-01-18,2017,Cat B (Cars above 1600cc or 97kW),1246,52807,1967,1226
January 2017 First Open Bidding Exercise,2017-01-05,2017,Cat B (Cars above 1600cc or 97kW),1252,53106,1835,1243
December 2016 Second Open Bidding Exercise,2016-12-21,2016,Cat B (Cars above 1600cc or 97kW),1244,51109,2052,1242
December 2016 First Open Bidding Exercise,2016-12-07,2016,Cat B (Cars above 1600cc or 97kW),1245,46229,1494,1237
November 2016 Second Open Bidding Exercise,2016-11-23,2016,Cat B (Cars above 1600cc or 97kW),1254,53001,1708,1253
November 2016 First Open Bidding Exercise,2016-11-09,2016,Cat B (Cars above 1600cc or 97kW),1347,56206,2012,1345
October 2016 Second Open Bidding Exercise,2016-10-19,2016,Cat B (Cars above 1600cc or 97kW),1340,56410,1768,1329
October 2016 First Open Bidding Exercise,2016-10-05,2016,Cat B (Cars above 1600cc or 97kW),1350,53001,1785,1246
September 2016 Second Open Bidding Exercise,2016-09-21,2016,Cat B (Cars above 1600cc or 97kW),1338,55501,2017,1334
September 2016 First Open Bidding Exercise,2016-09-07,2016,Cat B (Cars above 1600cc or 97kW),1372,57002,2183,1358
August 2016 Second Open Bidding Exercise,2016-08-17,2016,Cat B (Cars above 1600cc or 97kW),1336,56500,2088,1334
August 2016 First Open Bidding Exercise,2016-08-03,2016,Cat B (Cars above 1600cc or 97kW),1336,57903,2156,1300
July 2016 Second Open Bidding Exercise,2016-07-20,2016,Cat B (Cars above 1600cc or 97kW),1463,57508,2439,1463
July 2016 First Open Bidding Exercise,2016-07-07,2016,Cat B (Cars above 1600cc or 97kW),1469,56089,2547,1469
June 2016 Second Open Bidding Exercise,2016-06-22,2016,Cat B (Cars above 1600cc or 97kW),1463,57010,2914,1462
June 2016 First Open Bidding Exercise,2016-06-08,2016,Cat B (Cars above 1600cc or 97kW),1470,56000,3436,1463
May 2016 Second Open Bidding Exercise,2016-05-18,2016,Cat B (Cars above 1600cc or 97kW),1537,49156,2322,1536
May 2016 First Open Bidding Exercise,2016-05-05,2016,Cat B (Cars above 1600cc or 97kW),1462,51010,2435,1454
April 2016 Second Open Bidding Exercise,2016-04-20,2016,Cat B (Cars above 1600cc or 97kW),1211,49602,2364,1136
April 2016 First Open Bidding Exercise,2016-04-06,2016,Cat B (Cars above 1600cc or 97kW),1218,47000,2247,1218
March 2016 Second Open Bidding Exercise,2016-03-23,2016,Cat B (Cars above 1600cc or 97kW),1220,46502,2491,1218
March 2016 First Open Bidding Exercise,2016-03-09,2016,Cat B (Cars above 1600cc or 97kW),1209,47604,2706,1200
February 2016 Second Open Bidding Exercise,2016-02-17,2016,Cat B (Cars above 1600cc or 97kW),1208,46970,2898,1197
February 2016 First Open Bidding Exercise,2016-02-03,2016,Cat B (Cars above 1600cc or 97kW),1216,38610,1624,1216
January 2016 Second Open Bidding Exercise,2016-01-20,2016,Cat B (Cars above 1600cc or 97kW),1026,50089,1334,1026
January 2016 First Open Bidding Exercise,2016-01-06,2016,Cat B (Cars above 1600cc or 97kW),1027,54920,1262,1019
December 2015 Second Open Bidding Exercise,2015-12-23,2015,Cat B (Cars above 1600cc or 97kW),1027,55001,1200,1025
December 2015 First Open Bidding Exercise,2015-12-09,2015,Cat B (Cars above 1600cc or 97kW),1031,60001,1324,1028
November 2015 Second Open Bidding Exercise,2015-11-18,2015,Cat B (Cars above 1600cc or 97kW),1029,61103,1388,1026
November 2015 First Open Bidding Exercise,2015-11-04,2015,Cat B (Cars above 1600cc or 97kW),1037,57501,1267,1031
October 2015 Second Open Bidding Exercise,2015-10-21,2015,Cat B (Cars above 1600cc or 97kW),1073,59889,1367,1069
October 2015 First Open Bidding Exercise,2015-10-07,2015,Cat B (Cars above 1600cc or 97kW),1057,58190,1373,1044
September 2015 Second Open Bidding Exercise,2015-09-23,2015,Cat B (Cars above 1600cc or 97kW),1058,60001,1371,1041
September 2015 First Open Bidding Exercise,2015-09-09,2015,Cat B (Cars above 1600cc or 97kW),1059,62101,1628,1058
August 2015 Second Open Bidding Exercise,2015-08-19,2015,Cat B (Cars above 1600cc or 97kW),1058,62140,1551,1056
August 2015 First Open Bidding Exercise,2015-08-05,2015,Cat B (Cars above 1600cc or 97kW),1057,60789,1634,1054
July 2015 Second Open Bidding Exercise,2015-07-22,2015,Cat B (Cars above 1600cc or 97kW),930,58109,1218,929
July 2015 First Open Bidding Exercise,2015-07-08,2015,Cat B (Cars above 1600cc or 97kW),934,65501,1225,933
June 2015 Second Open Bidding Exercise,2015-06-17,2015,Cat B (Cars above 1600cc or 97kW),928,71509,1144,926
June 2015 First Open Bidding Exercise,2015-06-04,2015,Cat B (Cars above 1600cc or 97kW),929,75000,1384,923
May 2015 Second Open Bidding Exercise,2015-05-20,2015,Cat B (Cars above 1600cc or 97kW),948,75002,1401,948
May 2015 First Open Bidding Exercise,2015-05-06,2015,Cat B (Cars above 1600cc or 97kW),934,77600,1631,934
April 2015 Second Open Bidding Exercise,2015-04-22,2015,Cat B (Cars above 1600cc or 97kW),728,78001,1525,708
April 2015 First Open Bidding Exercise,2015-04-08,2015,Cat B (Cars above 1600cc or 97kW),722,76612,1661,716
March 2015 Second Open Bidding Exercise,2015-03-18,2015,Cat B (Cars above 1600cc or 97kW),723,71889,1354,717
March 2015 First Open Bidding Exercise,2015-03-04,2015,Cat B (Cars above 1600cc or 97kW),723,68668,1239,723
February 2015 Second Open Bidding Exercise,2015-02-17,2015,Cat B (Cars above 1600cc or 97kW),722,66751,1037,721
February 2015 First Open Bidding Exercise,2015-02-04,2015,Cat B (Cars above 1600cc or 97kW),724,70890,959,723
January 2015 Second Open Bidding Exercise,2015-01-21,2015,Cat B (Cars above 1600cc or 97kW),576,76889,915,576
January 2015 First Open Bidding Exercise,2015-01-07,2015,Cat B (Cars above 1600cc or 97kW),571,75289,833,570
December 2014 Second Open Bidding Exercise,2014-12-17,2014,Cat B (Cars above 1600cc or 97kW),579,74000,755,572
December 2014 First Open Bidding Exercise,2014-12-03,2014,Cat B (Cars above 1600cc or 97kW),584,74389,873,582
November 2014 Second Open Bidding Exercise,2014-11-19,2014,Cat B (Cars above 1600cc or 97kW),570,72890,900,560
November 2014 First Open Bidding Exercise,2014-11-05,2014,Cat B (Cars above 1600cc or 97kW),574,70890,832,559
October 2014 Second Open Bidding Exercise,2014-10-23,2014,Cat B (Cars above 1600cc or 97kW),507,72002,822,506
October 2014 First Open Bidding Exercise,2014-10-09,2014,Cat B (Cars above 1600cc or 97kW),505,72180,852,501
September 2014 Second Open Bidding Exercise,2014-09-17,2014,Cat B (Cars above 1600cc or 97kW),509,71990,785,507
September 2014 First Open Bidding Exercise,2014-09-03,2014,Cat B (Cars above 1600cc or 97kW),511,73010,909,511
August 2014 Second Open Bidding Exercise,2014-08-20,2014,Cat B (Cars above 1600cc or 97kW),506,72990,1137,502
August 2014 First Open Bidding Exercise,2014-08-06,2014,Cat B (Cars above 1600cc or 97kW),507,68689,1090,501
July 2014 Second Open Bidding Exercise,2014-07-23,2014,Cat B (Cars above 1600cc or 97kW),498,65001,850,497
July 2014 First Open Bidding Exercise,2014-07-09,2014,Cat B (Cars above 1600cc or 97kW),493,64889,812,491
June 2014 Second Open Bidding Exercise,2014-06-18,2014,Cat B (Cars above 1600cc or 97kW),490,65700,716,475
June 2014 First Open Bidding Exercise,2014-06-04,2014,Cat B (Cars above 1600cc or 97kW),494,67304,807,484
May 2014 Second Open Bidding Exercise,2014-05-21,2014,Cat B (Cars above 1600cc or 97kW),484,68103,716,477
May 2014 First Open Bidding Exercise,2014-05-07,2014,Cat B (Cars above 1600cc or 97kW),483,70002,778,472
April 2014 Second Open Bidding Exercise,2014-04-23,2014,Cat B (Cars above 1600cc or 97kW),351,75010,486,349
April 2014 First Open Bidding Exercise,2014-04-09,2014,Cat B (Cars above 1600cc or 97kW),363,84504,523,363
March 2014 Second Open Bidding Exercise,2014-03-19,2014,Cat B (Cars above 1600cc or 97kW),353,82900,524,352
March 2014 First Open Bidding Exercise,2014-03-05,2014,Cat B (Cars above 1600cc or 97kW),350,80710,499,337
February 2014 Second Open Bidding Exercise,2014-02-19,2014,Cat B (Cars above 1600cc or 97kW),355,78604,519,353
February 2014 First Open Bidding Exercise,2014-02-05,2014,Cat B (Cars above 1600cc or 97kW),360,75300,523,360
January 2014 Second Open Bidding Exercise,2014-01-22,2014,Cat B (Cars above 1600cc or 97kW),393,79000,512,388
January 2014 First Open Bidding Exercise,2014-01-08,2014,Cat B (Cars above 1600cc or 97kW),386,78700,581,377
December 2013 Second Open Bidding Exercise,2013-12-18,2013,Cat B (Cars above 1600cc or 97kW),377,75700,500,357
December 2013 First Open Bidding Exercise,2013-12-04,2013,Cat B (Cars above 1600cc or 97kW),373,73010,549,360
November 2013 Second Open Bidding Exercise,2013-11-20,2013,Cat B (Cars above 1600cc or 97kW),379,79300,536,375
November 2013 First Open Bidding Exercise,2013-11-06,2013,Cat B (Cars above 1600cc or 97kW),376,84578,482,376
October 2013 Second Open Bidding Exercise,2013-10-23,2013,Cat B (Cars above 1600cc or 97kW),382,87910,515,376
October 2013 First Open Bidding Exercise,2013-10-09,2013,Cat B (Cars above 1600cc or 97kW),376,93500,649,373
September 2013 Second Open Bidding Exercise,2013-09-18,2013,Cat B (Cars above 1600cc or 97kW),377,86239,703,368
September 2013 First Open Bidding Exercise,2013-09-04,2013,Cat B (Cars above 1600cc or 97kW),381,77100,623,378
August 2013 Second Open Bidding Exercise,2013-08-21,2013,Cat B (Cars above 1600cc or 97kW),375,76607,627,371
August 2013 First Open Bidding Exercise,2013-08-07,2013,Cat B (Cars above 1600cc or 97kW),380,77600,682,373
July 2013 Second Open Bidding Exercise,2013-07-17,2013,Cat B (Cars above 1600cc or 97kW),303,76389,574,301
July 2013 First Open Bidding Exercise,2013-07-03,2013,Cat B (Cars above 1600cc or 97kW),331,77110,652,325
June 2013 Second Open Bidding Exercise,2013-06-19,2013,Cat B (Cars above 1600cc or 97kW),305,81751,734,304
June 2013 First Open Bidding Exercise,2013-06-05,2013,Cat B (Cars above 1600cc or 97kW),302,75000,732,274
May 2013 Second Open Bidding Exercise,2013-05-22,2013,Cat B (Cars above 1600cc or 97kW),332,67304,749,329
May 2013 First Open Bidding Exercise,2013-05-08,2013,Cat B (Cars above 1600cc or 97kW),317,61700,601,317
April 2013 Second Open Bidding Exercise,2013-04-24,2013,Cat B (Cars above 1600cc or 97kW),310,62000,683,281
April 2013 First Open Bidding Exercise,2013-04-10,2013,Cat B (Cars above 1600cc or 97kW),302,67010,835,287
March 2013 Second Open Bidding Exercise,2013-03-27,2013,Cat B (Cars above 1600cc or 97kW),307,73900,940,300
March 2013 First Open Bidding Exercise,2013-03-13,2013,Cat B (Cars above 1600cc or 97kW),326,58090,1028,326
February 2013 Second Open Bidding Exercise,2013-02-20,2013,Cat B (Cars above 1600cc or 97kW),303,92667,409,299
February 2013 First Open Bidding Exercise,2013-02-06,2013,Cat B (Cars above 1600cc or 97kW),302,92901,431,278
January 2013 Second Open Bidding Exercise,2013-01-23,2013,Cat B (Cars above 1600cc or 97kW),351,95501,452,351
January 2013 First Open Bidding Exercise,2013-01-09,2013,Cat B (Cars above 1600cc or 97kW),363,96210,470,363
December 2012 Second Open Bidding Exercise,2012-12-19,2012,Cat B (Cars above 1600cc or 97kW),360,93501,478,360
December 2012 First Open Bidding Exercise,2012-12-05,2012,Cat B (Cars above 1600cc or 97kW),350,90200,493,337
November 2012 Second Open Bidding Exercise,2012-11-21,2012,Cat B (Cars above 1600cc or 97kW),351,93004,487,342
November 2012 First Open Bidding Exercise,2012-11-07,2012,Cat B (Cars above 1600cc or 97kW),350,92400,573,350
October 2012 Second Open Bidding Exercise,2012-10-17,2012,Cat B (Cars above 1600cc or 97kW),353,85801,540,353
October 2012 First Open Bidding Exercise,2012-10-03,2012,Cat B (Cars above 1600cc or 97kW),350,80001,414,350
September 2012 Second Open Bidding Exercise,2012-09-19,2012,Cat B (Cars above 1600cc or 97kW),351,88500,523,349
September 2012 First Open Bidding Exercise,2012-09-05,2012,Cat B (Cars above 1600cc or 97kW),355,80191,466,355
August 2012 Second Open Bidding Exercise,2012-08-23,2012,Cat B (Cars above 1600cc or 97kW),351,88002,532,351
August 2012 First Open Bidding Exercise,2012-08-08,2012,Cat B (Cars above 1600cc or 97kW),350,94502,489,345
July 2012 Second Open Bidding Exercise,2012-07-18,2012,Cat B (Cars above 1600cc or 97kW),353,90501,549,352
July 2012 First Open Bidding Exercise,2012-07-04,2012,Cat B (Cars above 1600cc or 97kW),358,82289,459,358
June 2012 Second Open Bidding Exercise,2012-06-20,2012,Cat B (Cars above 1600cc or 97kW),349,85400,477,346
June 2012 First Open Bidding Exercise,2012-06-06,2012,Cat B (Cars above 1600cc or 97kW),350,83000,490,342
May 2012 Second Open Bidding Exercise,2012-05-23,2012,Cat B (Cars above 1600cc or 97kW),349,85216,482,349
May 2012 First Open Bidding Exercise,2012-05-09,2012,Cat B (Cars above 1600cc or 97kW),354,92050,545,354
April 2012 Second Open Bidding Exercise,2012-04-18,2012,Cat B (Cars above 1600cc or 97kW),349,91000,563,349
April 2012 First Open Bidding Exercise,2012-04-04,2012,Cat B (Cars above 1600cc or 97kW),352,83700,483,348
March 2012 Second Open Bidding Exercise,2012-03-21,2012,Cat B (Cars above 1600cc or 97kW),352,82003,529,352
March 2012 First Open Bidding Exercise,2012-03-07,2012,Cat B (Cars above 1600cc or 97kW),354,79304,626,352
February 2012 Second Open Bidding Exercise,2012-02-22,2012,Cat B (Cars above 1600cc or 97kW),351,78189,580,348
February 2012 First Open Bidding Exercise,2012-02-08,2012,Cat B (Cars above 1600cc or 97kW),350,73890,635,346
January 2012 Second Open Bidding Exercise,2012-01-18,2012,Cat B (Cars above 1600cc or 97kW),353,67889,537,351
January 2012 First Open Bidding Exercise,2012-01-05,2012,Cat B (Cars above 1600cc or 97kW),356,65801,511,356
December 2011 Second Open Bidding Exercise,2011-12-21,2011,Cat B (Cars above 1600cc or 97kW),368,70003,464,368
December 2011 First Open Bidding Exercise,2011-12-07,2011,Cat B (Cars above 1600cc or 97kW),354,72350,474,351
November 2011 Second Open Bidding Exercise,2011-11-23,2011,Cat B (Cars above 1600cc or 97kW),353,77340,518,338
November 2011 First Open Bidding Exercise,2011-11-10,2011,Cat B (Cars above 1600cc or 97kW),356,77000,551,355
October 2011 Second Open Bidding Exercise,2011-10-19,2011,Cat B (Cars above 1600cc or 97kW),353,75889,633,353
October 2011 First Open Bidding Exercise,2011-10-05,2011,Cat B (Cars above 1600cc or 97kW),356,63600,524,353
September 2011 Second Open Bidding Exercise,2011-09-21,2011,Cat B (Cars above 1600cc or 97kW),353,64889,469,353
September 2011 First Open Bidding Exercise,2011-09-07,2011,Cat B (Cars above 1600cc or 97kW),359,63002,496,356
August 2011 Second Open Bidding Exercise,2011-08-17,2011,Cat B (Cars above 1600cc or 97kW),353,65521,527,353
August 2011 First Open Bidding Exercise,2011-08-03,2011,Cat B (Cars above 1600cc or 97kW),354,70890,469,349
July 2011 Second Open Bidding Exercise,2011-07-20,2011,Cat B (Cars above 1600cc or 97kW),436,72501,626,436
July 2011 First Open Bidding Exercise,2011-07-06,2011,Cat B (Cars above 1600cc or 97kW),445,68501,728,444
June 2011 Second Open Bidding Exercise,2011-06-22,2011,Cat B (Cars above 1600cc or 97kW),423,67700,684,410
June 2011 First Open Bidding Exercise,2011-06-08,2011,Cat B (Cars above 1600cc or 97kW),424,63000,759,403
May 2011 Second Open Bidding Exercise,2011-05-19,2011,Cat B (Cars above 1600cc or 97kW),424,56300,564,424
May 2011 First Open Bidding Exercise,2011-05-05,2011,Cat B (Cars above 1600cc or 97kW),439,56011,650,439
April 2011 Second Open Bidding Exercise,2011-04-20,2011,Cat B (Cars above 1600cc or 97kW),423,56801,627,422
April 2011 First Open Bidding Exercise,2011-04-06,2011,Cat B (Cars above 1600cc or 97kW),425,55001,542,410
March 2011 Second Open Bidding Exercise,2011-03-23,2011,Cat B (Cars above 1600cc or 97kW),424,57002,579,424
March 2011 First Open Bidding Exercise,2011-03-09,2011,Cat B (Cars above 1600cc or 97kW),424,61894,667,423
February 2011 Second Open Bidding Exercise,2011-02-23,2011,Cat B (Cars above 1600cc or 97kW),424,62000,726,423
February 2011 First Open Bidding Exercise,2011-02-09,2011,Cat B (Cars above 1600cc or 97kW),431,53400,640,431
January 2011 Second Open Bidding Exercise,2011-01-19,2011,Cat B (Cars above 1600cc or 97kW),483,58910,700,482
January 2011 First Open Bidding Exercise,2011-01-05,2011,Cat B (Cars above 1600cc or 97kW),481,69000,790,474
December 2010 Second Open Bidding Exercise,2010-12-22,2010,Cat B (Cars above 1600cc or 97kW),499,72001,872,494
December 2010 First Open Bidding Exercise,2010-12-08,2010,Cat B (Cars above 1600cc or 97kW),479,62502,1034,477
November 2010 Second Open Bidding Exercise,2010-11-18,2010,Cat B (Cars above 1600cc or 97kW),480,47890,709,459
November 2010 First Open Bidding Exercise,2010-11-03,2010,Cat B (Cars above 1600cc or 97kW),482,45501,718,482
October 2010 Second Open Bidding Exercise,2010-10-20,2010,Cat B (Cars above 1600cc or 97kW),479,44600,766,478
October 2010 First Open Bidding Exercise,2010-10-06,2010,Cat B (Cars above 1600cc or 97kW),479,42801,630,476
September 2010 Second Open Bidding Exercise,2010-09-22,2010,Cat B (Cars above 1600cc or 97kW),488,42501,648,488
September 2010 First Open Bidding Exercise,2010-09-08,2010,Cat B (Cars above 1600cc or 97kW),479,44129,757,479
August 2010 Second Open Bidding Exercise,2010-08-18,2010,Cat B (Cars above 1600cc or 97kW),482,42810,683,472
August 2010 First Open Bidding Exercise,2010-08-04,2010,Cat B (Cars above 1600cc or 97kW),479,43334,662,479
July 2010 Second Open Bidding Exercise,2010-07-21,2010,Cat B (Cars above 1600cc or 97kW),552,42889,890,548
July 2010 First Open Bidding Exercise,2010-07-07,2010,Cat B (Cars above 1600cc or 97kW),557,35909,671,557
June 2010 Second Open Bidding Exercise,2010-06-23,2010,Cat B (Cars above 1600cc or 97kW),557,39911,720,554
June 2010 First Open Bidding Exercise,2010-06-09,2010,Cat B (Cars above 1600cc or 97kW),553,40002,779,546
May 2010 Second Open Bidding Exercise,2010-05-19,2010,Cat B (Cars above 1600cc or 97kW),561,34600,715,553
May 2010 First Open Bidding Exercise,2010-05-05,2010,Cat B (Cars above 1600cc or 97kW),550,38000,869,547
April 2010 Second Open Bidding Exercise,2010-04-21,2010,Cat B (Cars above 1600cc or 97kW),561,40001,896,549
April 2010 First Open Bidding Exercise,2010-04-07,2010,Cat B (Cars above 1600cc or 97kW),571,45501,858,571
March 2010 Second Open Bidding Exercise,2010-03-24,2010,Cat B (Cars above 1600cc or 97kW),711,36089,1207,699
March 2010 First Open Bidding Exercise,2010-03-10,2010,Cat B (Cars above 1600cc or 97kW),688,26389,1087,667
February 2010 Second Open Bidding Exercise,2010-02-24,2010,Cat B (Cars above 1600cc or 97kW),685,23889,956,658
February 2010 First Open Bidding Exercise,2010-02-03,2010,Cat B (Cars above 1600cc or 97kW),693,23180,930,690
January 2010 Second Open Bidding Exercise,2010-01-20,2010,Cat B (Cars above 1600cc or 97kW),717,22400,1105,717
January 2010 First Open Bidding Exercise,2010-01-06,2010,Cat B (Cars above 1600cc or 97kW),687,19190,883,679
December 2009 Second Open Bidding Exercise,2009-12-23,2009,Cat B (Cars above 1600cc or 97kW),697,17889,816,665
December 2009 First Open Bidding Exercise,2009-12-09,2009,Cat B (Cars above 1600cc or 97kW),692,19003,857,690
November 2009 Second Open Bidding Exercise,2009-11-18,2009,Cat B (Cars above 1600cc or 97kW),687,18002,797,675
November 2009 First Open Bidding Exercise,2009-11-04,2009,Cat B (Cars above 1600cc or 97kW),704,18389,779,697
October 2009 Second Open Bidding Exercise,2009-10-21,2009,Cat B (Cars above 1600cc or 97kW),688,19510,832,686
October 2009 First Open Bidding Exercise,2009-10-07,2009,Cat B (Cars above 1600cc or 97kW),685,18109,816,666
September 2009 Second Open Bidding Exercise,2009-09-24,2009,Cat B (Cars above 1600cc or 97kW),761,19801,914,758
September 2009 First Open Bidding Exercise,2009-09-09,2009,Cat B (Cars above 1600cc or 97kW),767,19289,1003,767
August 2009 Second Open Bidding Exercise,2009-08-19,2009,Cat B (Cars above 1600cc or 97kW),785,16290,889,784
August 2009 First Open Bidding Exercise,2009-08-05,2009,Cat B (Cars above 1600cc or 97kW),762,18890,934,755
July 2009 Second Open Bidding Exercise,2009-07-22,2009,Cat B (Cars above 1600cc or 97kW),762,18501,992,737
July 2009 First Open Bidding Exercise,2009-07-08,2009,Cat B (Cars above 1600cc or 97kW),780,16801,1052,778
June 2009 Second Open Bidding Exercise,2009-06-17,2009,Cat B (Cars above 1600cc or 97kW),760,14840,1066,758
June 2009 First Open Bidding Exercise,2009-06-03,2009,Cat B (Cars above 1600cc or 97kW),760,11889,1131,740
May 2009 Second Open Bidding Exercise,2009-05-20,2009,Cat B (Cars above 1600cc or 97kW),774,9180,1051,774
May 2009 First Open Bidding Exercise,2009-05-06,2009,Cat B (Cars above 1600cc or 97kW),814,7552,1021,814
April 2009 Second Open Bidding Exercise,2009-04-22,2009,Cat B (Cars above 1600cc or 97kW),769,7490,1001,755
April 2009 First Open Bidding Exercise,2009-04-08,2009,Cat B (Cars above 1600cc or 97kW),761,7501,1036,707
March 2009 Second Open Bidding Exercise,2009-03-18,2009,Cat B (Cars above 1600cc or 97kW),1110,5001,1359,1101
March 2009 First Open Bidding Exercise,2009-03-04,2009,Cat B (Cars above 1600cc or 97kW),1101,5101,1346,1100
February 2009 Second Open Bidding Exercise,2009-02-18,2009,Cat B (Cars above 1600cc or 97kW),1101,4889,1675,1090
February 2009 First Open Bidding Exercise,2009-02-04,2009,Cat B (Cars above 1600cc or 97kW),1099,689,1231,1097
January 2009 Second Open Bidding Exercise,2009-01-21,2009,Cat B (Cars above 1600cc or 97kW),1099,200,1179,1097
January 2009 First Open Bidding Exercise,2009-01-07,2009,Cat B (Cars above 1600cc or 97kW),1100,3089,1332,1100
December 2008 Second Open Bidding Exercise,2008-12-17,2008,Cat B (Cars above 1600cc or 97kW),1102,2656,1318,1102
December 2008 First Open Bidding Exercise,2008-12-03,2008,Cat B (Cars above 1600cc or 97kW),1100,6501,1411,1099
November 2008 Second Open Bidding Exercise,2008-11-19,2008,Cat B (Cars above 1600cc or 97kW),1100,4889,1181,1097
November 2008 First Open Bidding Exercise,2008-11-05,2008,Cat B (Cars above 1600cc or 97kW),1099,8301,1216,1098
October 2008 Second Open Bidding Exercise,2008-10-22,2008,Cat B (Cars above 1600cc or 97kW),1100,7589,1302,1099
October 2008 First Open Bidding Exercise,2008-10-08,2008,Cat B (Cars above 1600cc or 97kW),1132,14400,1338,1132
September 2008 Second Open Bidding Exercise,2008-09-17,2008,Cat B (Cars above 1600cc or 97kW),1127,13301,1288,1126
September 2008 First Open Bidding Exercise,2008-09-03,2008,Cat B (Cars above 1600cc or 97kW),1099,13389,1195,1066
August 2008 Second Open Bidding Exercise,2008-08-20,2008,Cat B (Cars above 1600cc or 97kW),1099,13890,1362,1071
August 2008 First Open Bidding Exercise,2008-08-06,2008,Cat B (Cars above 1600cc or 97kW),1104,12889,1253,1104
July 2008 Second Open Bidding Exercise,2008-07-23,2008,Cat B (Cars above 1600cc or 97kW),1099,14235,1307,1099
July 2008 First Open Bidding Exercise,2008-07-09,2008,Cat B (Cars above 1600cc or 97kW),1099,15501,1383,1094
June 2008 Second Open Bidding Exercise,2008-06-18,2008,Cat B (Cars above 1600cc or 97kW),1099,14689,1280,1099
June 2008 First Open Bidding Exercise,2008-06-04,2008,Cat B (Cars above 1600cc or 97kW),1125,14640,1282,1125
May 2008 Second Open Bidding Exercise,2008-05-22,2008,Cat B (Cars above 1600cc or 97kW),1100,17113,1396,1100
May 2008 First Open Bidding Exercise,2008-05-07,2008,Cat B (Cars above 1600cc or 97kW),1101,15889,1230,1075
April 2008 Second Open Bidding Exercise,2008-04-23,2008,Cat B (Cars above 1600cc or 97kW),1119,17510,1324,1118
April 2008 First Open Bidding Exercise,2008-04-09,2008,Cat B (Cars above 1600cc or 97kW),1132,19501,1382,1130
March 2008 Second Open Bidding Exercise,2008-03-19,2008,Cat B (Cars above 1600cc or 97kW),1130,19001,1387,1110
March 2008 First Open Bidding Exercise,2008-03-05,2008,Cat B (Cars above 1600cc or 97kW),1125,18000,1499,1092
February 2008 Second Open Bidding Exercise,2008-02-20,2008,Cat B (Cars above 1600cc or 97kW),1125,15510,1632,1120
February 2008 First Open Bidding Exercise,2008-02-05,2008,Cat B (Cars above 1600cc or 97kW),1133,13209,1454,1133
January 2008 Second Open Bidding Exercise,2008-01-23,2008,Cat B (Cars above 1600cc or 97kW),1144,13289,1328,1144
January 2008 First Open Bidding Exercise,2008-01-09,2008,Cat B (Cars above 1600cc or 97kW),1172,15989,1556,1164
January 2007 First Open Bidding Exercise,2007-01-01,2007,Cat B (Cars above 1600cc or 97kW),1271,13001,1460,1268
January 2007 Second Open Bidding Exercise,2007-01-15,2007,Cat B (Cars above 1600cc or 97kW),1301,12000,1446,1298
February 2007 First Open Bidding Exercise,2007-02-01,2007,Cat B (Cars above 1600cc or 97kW),1272,12152,1449,1267
February 2007 Second Open Bidding Exercise,2007-02-15,2007,Cat B (Cars above 1600cc or 97kW),1272,6002,1382,1269
March 2007 First Open Bidding Exercise,2007-03-01,2007,Cat B (Cars above 1600cc or 97kW),1274,13502,2248,1250
March 2007 Second Open Bidding Exercise,2007-03-15,2007,Cat B (Cars above 1600cc or 97kW),1272,14652,1840,1266
April 2007 First Open Bidding Exercise,2007-04-01,2007,Cat B (Cars above 1600cc or 97kW),1149,14889,1720,1149
April 2007 Second Open Bidding Exercise,2007-04-15,2007,Cat B (Cars above 1600cc or 97kW),1130,15989,1587,1127
May 2007 First Open Bidding Exercise,2007-05-01,2007,Cat B (Cars above 1600cc or 97kW),1125,17879,1811,1118
May 2007 Second Open Bidding Exercise,2007-05-15,2007,Cat B (Cars above 1600cc or 97kW),1127,18900,1679,1105
June 2007 First Open Bidding Exercise,2007-06-01,2007,Cat B (Cars above 1600cc or 97kW),1132,19802,1679,1114
June 2007 Second Open Bidding Exercise,2007-06-15,2007,Cat B (Cars above 1600cc or 97kW),1146,18891,1460,1137
July 2007 First Open Bidding Exercise,2007-07-01,2007,Cat B (Cars above 1600cc or 97kW),1143,17399,1364,1143
July 2007 Second Open Bidding Exercise,2007-07-15,2007,Cat B (Cars above 1600cc or 97kW),1133,17602,1393,1133
August 2007 First Open Bidding Exercise,2007-08-01,2007,Cat B (Cars above 1600cc or 97kW),1125,18001,1458,1114
August 2007 Second Open Bidding Exercise,2007-08-15,2007,Cat B (Cars above 1600cc or 97kW),1124,16010,1288,1124
September 2007 First Open Bidding Exercise,2007-09-01,2007,Cat B (Cars above 1600cc or 97kW),1136,18200,1594,1136
September 2007 Second Open Bidding Exercise,2007-09-15,2007,Cat B (Cars above 1600cc or 97kW),1125,19589,1581,1117
October 2007 First Open Bidding Exercise,2007-10-01,2007,Cat B (Cars above 1600cc or 97kW),1125,17102,1409,1125
October 2007 Second Open Bidding Exercise,2007-10-15,2007,Cat B (Cars above 1600cc or 97kW),1133,17589,1370,1132
November 2007 First Open Bidding Exercise,2007-11-01,2007,Cat B (Cars above 1600cc or 97kW),1125,18001,1438,1087
November 2007 Second Open Bidding Exercise,2007-11-15,2007,Cat B (Cars above 1600cc or 97kW),1126,16401,1339,1126
December 2007 First Open Bidding Exercise,2007-12-01,2007,Cat B (Cars above 1600cc or 97kW),1163,13114,1334,1116
December 2007 Second Open Bidding Exercise,2007-12-15,2007,Cat B (Cars above 1600cc or 97kW),1125,15802,1578,1106
January 2006 First Open Bidding Exercise,2006-01-01,2006,Cat B (Cars above 1600cc or 97kW),1277,11602,1876,1277
January 2006 Second Open Bidding Exercise,2006-01-15,2006,Cat B (Cars above 1600cc or 97kW),1275,9603,1483,1266
February 2006 First Open Bidding Exercise,2006-02-01,2006,Cat B (Cars above 1600cc or 97kW),1265,9501,1726,1262
February 2006 Second Open Bidding Exercise,2006-02-15,2006,Cat B (Cars above 1600cc or 97kW),1274,10489,1866,1271
March 2006 First Open Bidding Exercise,2006-03-01,2006,Cat B (Cars above 1600cc or 97kW),1268,12555,1926,1268
March 2006 Second Open Bidding Exercise,2006-03-15,2006,Cat B (Cars above 1600cc or 97kW),1267,13556,1830,1265
April 2006 First Open Bidding Exercise,2006-04-01,2006,Cat B (Cars above 1600cc or 97kW),1084,13402,1420,1079
April 2006 Second Open Bidding Exercise,2006-04-15,2006,Cat B (Cars above 1600cc or 97kW),1086,13101,1299,1079
May 2006 First Open Bidding Exercise,2006-05-01,2006,Cat B (Cars above 1600cc or 97kW),1089,11519,1293,1077
May 2006 Second Open Bidding Exercise,2006-05-15,2006,Cat B (Cars above 1600cc or 97kW),1091,11801,1337,1087
June 2006 First Open Bidding Exercise,2006-06-01,2006,Cat B (Cars above 1600cc or 97kW),1096,12200,1426,1096
June 2006 Second Open Bidding Exercise,2006-06-15,2006,Cat B (Cars above 1600cc or 97kW),1088,11001,1256,1084
July 2006 First Open Bidding Exercise,2006-07-01,2006,Cat B (Cars above 1600cc or 97kW),1084,10801,1240,1084
July 2006 Second Open Bidding Exercise,2006-07-15,2006,Cat B (Cars above 1600cc or 97kW),1089,10600,1332,1089
August 2006 First Open Bidding Exercise,2006-08-01,2006,Cat B (Cars above 1600cc or 97kW),1084,12501,1365,1064
August 2006 Second Open Bidding Exercise,2006-08-15,2006,Cat B (Cars above 1600cc or 97kW),1085,13890,1406,1084
September 2006 First Open Bidding Exercise,2006-09-01,2006,Cat B (Cars above 1600cc or 97kW),1104,14701,1448,1101
September 2006 Second Open Bidding Exercise,2006-09-15,2006,Cat B (Cars above 1600cc or 97kW),1086,14399,1440,1086
October 2006 First Open Bidding Exercise,2006-10-01,2006,Cat B (Cars above 1600cc or 97kW),1272,12501,1496,1253
October 2006 Second Open Bidding Exercise,2006-10-15,2006,Cat B (Cars above 1600cc or 97kW),1269,12989,1530,1269
November 2006 First Open Bidding Exercise,2006-11-01,2006,Cat B (Cars above 1600cc or 97kW),1288,13811,1683,1288
November 2006 Second Open Bidding Exercise,2006-11-15,2006,Cat B (Cars above 1600cc or 97kW),1269,14509,1696,1266
December 2006 First Open Bidding Exercise,2006-12-01,2006,Cat B (Cars above 1600cc or 97kW),1269,14389,1521,1267
December 2006 Second Open Bidding Exercise,2006-12-15,2006,Cat B (Cars above 1600cc or 97kW),1272,12889,1413,1240
January 2005 First Open Bidding Exercise,2005-01-01,2005,Cat B (Cars above 1600cc or 97kW),1139,14002,1311,1139
January 2005 Second Open Bidding Exercise,2005-01-15,2005,Cat B (Cars above 1600cc or 97kW),1148,19502,1834,1145
February 2005 First Open Bidding Exercise,2005-02-01,2005,Cat B (Cars above 1600cc or 97kW),1137,16533,1450,1137
February 2005 Second Open Bidding Exercise,2005-02-15,2005,Cat B (Cars above 1600cc or 97kW),1140,16891,1443,1137
March 2005 First Open Bidding Exercise,2005-03-01,2005,Cat B (Cars above 1600cc or 97kW),1137,21710,1656,1134
March 2005 Second Open Bidding Exercise,2005-03-15,2005,Cat B (Cars above 1600cc or 97kW),1140,18001,1355,1133
April 2005 First Open Bidding Exercise,2005-04-01,2005,Cat B (Cars above 1600cc or 97kW),1103,16110,1367,1103
April 2005 Second Open Bidding Exercise,2005-04-15,2005,Cat B (Cars above 1600cc or 97kW),1107,17701,1357,1107
May 2005 First Open Bidding Exercise,2005-05-01,2005,Cat B (Cars above 1600cc or 97kW),1100,16508,1339,1087
May 2005 Second Open Bidding Exercise,2005-05-15,2005,Cat B (Cars above 1600cc or 97kW),1100,16108,1322,1087
June 2005 First Open Bidding Exercise,2005-06-01,2005,Cat B (Cars above 1600cc or 97kW),1113,16002,1346,1099
June 2005 Second Open Bidding Exercise,2005-06-15,2005,Cat B (Cars above 1600cc or 97kW),1113,15001,1299,1099
July 2005 First Open Bidding Exercise,2005-07-01,2005,Cat B (Cars above 1600cc or 97kW),1114,15501,1374,1102
July 2005 Second Open Bidding Exercise,2005-07-15,2005,Cat B (Cars above 1600cc or 97kW),1114,16501,1414,1113
August 2005 First Open Bidding Exercise,2005-08-01,2005,Cat B (Cars above 1600cc or 97kW),1112,15889,1318,1103
August 2005 Second Open Bidding Exercise,2005-08-15,2005,Cat B (Cars above 1600cc or 97kW),1101,16303,1412,1093
September 2005 First Open Bidding Exercise,2005-09-01,2005,Cat B (Cars above 1600cc or 97kW),1109,16889,1484,1086
September 2005 Second Open Bidding Exercise,2005-09-15,2005,Cat B (Cars above 1600cc or 97kW),1108,14808,1270,1106
October 2005 First Open Bidding Exercise,2005-10-01,2005,Cat B (Cars above 1600cc or 97kW),1288,11002,1485,1288
October 2005 Second Open Bidding Exercise,2005-10-15,2005,Cat B (Cars above 1600cc or 97kW),1267,14101,2046,1250
November 2005 First Open Bidding Exercise,2005-11-01,2005,Cat B (Cars above 1600cc or 97kW),1265,14751,2086,1263
November 2005 Second Open Bidding Exercise,2005-11-15,2005,Cat B (Cars above 1600cc or 97kW),1282,14897,1692,1276
December 2005 First Open Bidding Exercise,2005-12-01,2005,Cat B (Cars above 1600cc or 97kW),1267,13301,1499,1255
December 2005 Second Open Bidding Exercise,2005-12-15,2005,Cat B (Cars above 1600cc or 97kW),1271,9001,1386,1261
January 2004 First Open Bidding Exercise,2004-01-01,2004,Cat B (Cars above 1600cc or 97kW),1158,24293,1516,1158
January 2004 Second Open Bidding Exercise,2004-01-15,2004,Cat B (Cars above 1600cc or 97kW),1160,22002,1468,1154
February 2004 First Open Bidding Exercise,2004-02-01,2004,Cat B (Cars above 1600cc or 97kW),1156,23508,1474,1149
February 2004 Second Open Bidding Exercise,2004-02-15,2004,Cat B (Cars above 1600cc or 97kW),1162,22001,1404,1158
March 2004 First Open Bidding Exercise,2004-03-01,2004,Cat B (Cars above 1600cc or 97kW),1163,25699,1516,1147
March 2004 Second Open Bidding Exercise,2004-03-15,2004,Cat B (Cars above 1600cc or 97kW),1160,25058,1445,1153
April 2004 First Open Bidding Exercise,2004-04-01,2004,Cat B (Cars above 1600cc or 97kW),949,28001,1350,948
April 2004 Second Open Bidding Exercise,2004-04-15,2004,Cat B (Cars above 1600cc or 97kW),939,28022,1347,939
May 2004 First Open Bidding Exercise,2004-05-01,2004,Cat B (Cars above 1600cc or 97kW),934,26700,1192,930
May 2004 Second Open Bidding Exercise,2004-05-15,2004,Cat B (Cars above 1600cc or 97kW),932,27990,1175,932
June 2004 First Open Bidding Exercise,2004-06-01,2004,Cat B (Cars above 1600cc or 97kW),937,30300,1374,930
June 2004 Second Open Bidding Exercise,2004-06-15,2004,Cat B (Cars above 1600cc or 97kW),932,30400,1217,932
July 2004 First Open Bidding Exercise,2004-07-01,2004,Cat B (Cars above 1600cc or 97kW),940,28990,1154,933
July 2004 Second Open Bidding Exercise,2004-07-15,2004,Cat B (Cars above 1600cc or 97kW),932,27001,1107,915
August 2004 First Open Bidding Exercise,2004-08-01,2004,Cat B (Cars above 1600cc or 97kW),940,27086,1095,938
August 2004 Second Open Bidding Exercise,2004-08-15,2004,Cat B (Cars above 1600cc or 97kW),949,26301,1065,947
September 2004 First Open Bidding Exercise,2004-09-01,2004,Cat B (Cars above 1600cc or 97kW),934,27799,1214,926
September 2004 Second Open Bidding Exercise,2004-09-15,2004,Cat B (Cars above 1600cc or 97kW),934,26101,1129,934
October 2004 First Open Bidding Exercise,2004-10-01,2004,Cat B (Cars above 1600cc or 97kW),1145,23001,1505,1145
October 2004 Second Open Bidding Exercise,2004-10-15,2004,Cat B (Cars above 1600cc or 97kW),1137,23005,1434,1137
November 2004 First Open Bidding Exercise,2004-11-01,2004,Cat B (Cars above 1600cc or 97kW),1137,21301,1323,1131
November 2004 Second Open Bidding Exercise,2004-11-15,2004,Cat B (Cars above 1600cc or 97kW),1137,20300,1326,1135
December 2004 First Open Bidding Exercise,2004-12-01,2004,Cat B (Cars above 1600cc or 97kW),1143,21302,1402,1141
December 2004 Second Open Bidding Exercise,2004-12-15,2004,Cat B (Cars above 1600cc or 97kW),1139,18708,1270,1128
January 2003 First Open Bidding Exercise,2003-01-01,2003,Cat B (Cars above 1600cc or 97kW),707,29099,1128,707
January 2003 Second Open Bidding Exercise,2003-01-15,2003,Cat B (Cars above 1600cc or 97kW),662,25028,919,661
February 2003 First Open Bidding Exercise,2003-02-01,2003,Cat B (Cars above 1600cc or 97kW),663,33657,1342,656
February 2003 Second Open Bidding Exercise,2003-02-15,2003,Cat B (Cars above 1600cc or 97kW),663,30699,1148,659
March 2003 First Open Bidding Exercise,2003-03-01,2003,Cat B (Cars above 1600cc or 97kW),670,27999,965,663
March 2003 Second Open Bidding Exercise,2003-03-15,2003,Cat B (Cars above 1600cc or 97kW),666,26001,944,640
April 2003 First Open Bidding Exercise,2003-04-01,2003,Cat B (Cars above 1600cc or 97kW),919,26601,1790,917
April 2003 Second Open Bidding Exercise,2003-04-15,2003,Cat B (Cars above 1600cc or 97kW),938,27058,1762,935
May 2003 First Open Bidding Exercise,2003-05-01,2003,Cat B (Cars above 1600cc or 97kW),914,28589,1788,913
May 2003 Second Open Bidding Exercise,2003-05-15,2003,Cat B (Cars above 1600cc or 97kW),915,31400,1592,913
June 2003 First Open Bidding Exercise,2003-06-01,2003,Cat B (Cars above 1600cc or 97kW),913,31501,1448,908
June 2003 Second Open Bidding Exercise,2003-06-15,2003,Cat B (Cars above 1600cc or 97kW),914,31505,1281,908
July 2003 First Open Bidding Exercise,2003-07-01,2003,Cat B (Cars above 1600cc or 97kW),917,32779,1359,917
July 2003 Second Open Bidding Exercise,2003-07-15,2003,Cat B (Cars above 1600cc or 97kW),918,31889,1209,885
August 2003 First Open Bidding Exercise,2003-08-01,2003,Cat B (Cars above 1600cc or 97kW),912,31001,1159,905
August 2003 Second Open Bidding Exercise,2003-08-15,2003,Cat B (Cars above 1600cc or 97kW),945,29900,1171,942
September 2003 First Open Bidding Exercise,2003-09-01,2003,Cat B (Cars above 1600cc or 97kW),919,28001,1163,901
September 2003 Second Open Bidding Exercise,2003-09-15,2003,Cat B (Cars above 1600cc or 97kW),915,30048,1344,908
October 2003 First Open Bidding Exercise,2003-10-01,2003,Cat B (Cars above 1600cc or 97kW),1175,28199,1565,1172
October 2003 Second Open Bidding Exercise,2003-10-15,2003,Cat B (Cars above 1600cc or 97kW),1163,27989,1374,1162
November 2003 First Open Bidding Exercise,2003-11-01,2003,Cat B (Cars above 1600cc or 97kW),1160,26001,1368,1136
November 2003 Second Open Bidding Exercise,2003-11-15,2003,Cat B (Cars above 1600cc or 97kW),1157,25481,1344,1157
December 2003 First Open Bidding Exercise,2003-12-01,2003,Cat B (Cars above 1600cc or 97kW),1181,24112,1401,1180
December 2003 Second Open Bidding Exercise,2003-12-15,2003,Cat B (Cars above 1600cc or 97kW),1156,22295,1295,1152
April 2002 First Open Bidding Exercise,2002-04-01,2002,Cat B (Cars above 1600cc or 97kW),558,39509,1119,551
April 2002 Second Open Bidding Exercise,2002-04-15,2002,Cat B (Cars above 1600cc or 97kW),553,42101,1104,553
May 2002 First Open Bidding Exercise,2002-05-01,2002,Cat B (Cars above 1600cc or 97kW),560,40001,1043,518
May 2002 Second Open Bidding Exercise,2002-05-15,2002,Cat B (Cars above 1600cc or 97kW),552,38001,894,541
June 2002 First Open Bidding Exercise,2002-06-01,2002,Cat B (Cars above 1600cc or 97kW),595,33001,885,569
June 2002 Second Open Bidding Exercise,2002-06-15,2002,Cat B (Cars above 1600cc or 97kW),563,32499,888,554
July 2002 First Open Bidding Exercise,2002-07-01,2002,Cat B (Cars above 1600cc or 97kW),579,31583,946,577
July 2002 Second Open Bidding Exercise,2002-07-15,2002,Cat B (Cars above 1600cc or 97kW),561,30008,850,553
August 2002 First Open Bidding Exercise,2002-08-01,2002,Cat B (Cars above 1600cc or 97kW),555,31889,1149,555
August 2002 Second Open Bidding Exercise,2002-08-15,2002,Cat B (Cars above 1600cc or 97kW),560,32001,873,543
September 2002 First Open Bidding Exercise,2002-09-01,2002,Cat B (Cars above 1600cc or 97kW),553,31617,715,553
September 2002 Second Open Bidding Exercise,2002-09-15,2002,Cat B (Cars above 1600cc or 97kW),569,28009,756,569
October 2002 First Open Bidding Exercise,2002-10-01,2002,Cat B (Cars above 1600cc or 97kW),553,31795,917,553
October 2002 Second Open Bidding Exercise,2002-10-15,2002,Cat B (Cars above 1600cc or 97kW),552,30811,850,551
November 2002 First Open Bidding Exercise,2002-11-01,2002,Cat B (Cars above 1600cc or 97kW),663,27667,866,663
November 2002 Second Open Bidding Exercise,2002-11-15,2002,Cat B (Cars above 1600cc or 97kW),663,28001,879,597
December 2002 First Open Bidding Exercise,2002-12-01,2002,Cat B (Cars above 1600cc or 97kW),663,27289,822,619
December 2002 Second Open Bidding Exercise,2002-12-15,2002,Cat B (Cars above 1600cc or 97kW),728,23890,977,728
