bidding_exercise,date,year,category,quota,price,total_bids,success_bids,population,registration,deregistration
September 2021 Second Open Bidding Exercise,2021-09-22,2021,Cat A (Cars up to 1600cc and 97kW),803,48000,1040,795,321025.0,1484.0,1039.0
September 2021 First Open Bidding Exercise,2021-09-08,2021,Cat A (Cars up to 1600cc and 97kW),804,47000,1124,790,321025.0,1484.0,1039.0
August 2021 Second Open Bidding Exercise,2021-08-18,2021,Cat A (Cars up to 1600cc and 97kW),806,46689,1127,806,320580.0,1251.0,1256.0
August 2021 First Open Bidding Exercise,2021-08-04,2021,Cat A (Cars up to 1600cc and 97kW),805,45189,1021,804,320580.0,1251.0,1256.0
July 2021 Second Open Bidding Exercise,2021-07-22,2021,Cat A (Cars up to 1600cc and 97kW),836,47010,1240,832,320585.0,1598.0,1249.0
July 2021 First Open Bidding Exercise,2021-07-07,2021,Cat A (Cars up to 1600cc and 97kW),867,45001,1149,864,320585.0,1598.0,1249.0
June 2021 Second Open Bidding Exercise,2021-06-23,2021,Cat A (Cars up to 1600cc and 97kW),830,47821,1178,823,320236.0,1932.0,1864.0
June 2021 First Open Bidding Exercise,2021-06-09,2021,Cat A (Cars up to 1600cc and 97kW),858,48510,1439,820,320236.0,1932.0,1864.0
May 2021 Second Open Bidding Exercise,2021-05-19,2021,Cat A (Cars up to 1600cc and 97kW),835,41801,1209,834,320168.0,1519.0,1872.0
May 2021 First Open Bidding Exercise,2021-05-05,2021,Cat A (Cars up to 1600cc and 97kW),832,48002,1100,803,320168.0,1519.0,1872.0
April 2021 Second Open Bidding Exercise,2021-04-21,2021,Cat A (Cars up to 1600cc and 97kW),890,49640,1290,883,320521.0,1683.0,1607.0
April 2021 First Open Bidding Exercise,2021-04-07,2021,Cat A (Cars up to 1600cc and 97kW),883,45600,1212,880,320521.0,1683.0,1607.0
March 2021 Second Open Bidding Exercise,2021-03-17,2021,Cat A (Cars up to 1600cc and 97kW),886,44589,1186,879,320445.0,1888.0,1918.0
March 2021 First Open Bidding Exercise,2021-03-03,2021,Cat A (Cars up to 1600cc and 97kW),887,41996,1175,887,320445.0,1888.0,1918.0
February 2021 Second Open Bidding Exercise,2021-02-17,2021,Cat A (Cars up to 1600cc and 97kW),903,41001,1226,900,320475.0,1537.0,1268.0
February 2021 First Open Bidding Exercise,2021-02-03,2021,Cat A (Cars up to 1600cc and 97kW),885,42000,1098,881,320475.0,1537.0,1268.0
January 2021 Second Open Bidding Exercise,2021-01-20,2021,Cat A (Cars up to 1600cc and 97kW),963,40609,1280,962,320206.0,2452.0,1383.0
January 2021 First Open Bidding Exercise,2021-01-06,2021,Cat A (Cars up to 1600cc and 97kW),963,40609,1280,962,320206.0,2452.0,1383.0
December 2020 Second Open Bidding Exercise,2020-12-23,2020,Cat A (Cars up to 1600cc and 97kW),969,40556,1403,966,319137.0,1291.0,1425.0
December 2020 First Open Bidding Exercise,2020-12-09,2020,Cat A (Cars up to 1600cc and 97kW),978,40714,1620,978,319137.0,1291.0,1425.0
November 2020 Second Open Bidding Exercise,2020-11-18,2020,Cat A (Cars up to 1600cc and 97kW),972,37690,1361,966,319271.0,1819.0,1506.0
November 2020 First Open Bidding Exercise,2020-11-04,2020,Cat A (Cars up to 1600cc and 97kW),967,35990,1262,952,319271.0,1819.0,1506.0
October 2020 Second Open Bidding Exercise,2020-10-21,2020,Cat A (Cars up to 1600cc and 97kW),916,37334,1323,907,318958.0,2091.0,1518.0
October 2020 First Open Bidding Exercise,2020-10-07,2020,Cat A (Cars up to 1600cc and 97kW),912,36534,1272,907,318958.0,2091.0,1518.0
September 2020 Second Open Bidding Exercise,2020-09-23,2020,Cat A (Cars up to 1600cc and 97kW),1034,38504,1540,1031,318385.0,1978.0,1537.0
September 2020 First Open Bidding Exercise,2020-09-09,2020,Cat A (Cars up to 1600cc and 97kW),1035,37766,1737,1035,318385.0,1978.0,1537.0
August 2020 Second Open Bidding Exercise,2020-08-19,2020,Cat A (Cars up to 1600cc and 97kW),1034,35710,2099,1019,317944.0,2277.0,1750.0
August 2020 First Open Bidding Exercise,2020-08-05,2020,Cat A (Cars up to 1600cc and 97kW),1022,33000,2047,1007,317944.0,2277.0,1750.0
July 2020 Second Open Bidding Exercise,2020-07-22,2020,Cat A (Cars up to 1600cc and 97kW),1304,32699,2485,1290,317417.0,1909.0,1697.0
July 2020 First Open Bidding Exercise,2020-07-08,2020,Cat A (Cars up to 1600cc and 97kW),1289,33520,3061,1286,317417.0,1909.0,1697.0
March 2020 Second Open Bidding Exercise,2020-03-18,2020,Cat A (Cars up to 1600cc and 97kW),982,31210,1421,962,321127.0,2250.0,2397.0
March 2020 First Open Bidding Exercise,2020-03-04,2020,Cat A (Cars up to 1600cc and 97kW),978,32699,1436,973,321127.0,2250.0,2397.0
February 2020 Second Open Bidding Exercise,2020-02-19,2020,Cat A (Cars up to 1600cc and 97kW),982,32999,1564,973,321274.0,2028.0,1778.0
February 2020 First Open Bidding Exercise,2020-02-05,2020,Cat A (Cars up to 1600cc and 97kW),982,30010,1204,977,321274.0,2028.0,1778.0
January 2020 Second Open Bidding Exercise,2020-01-22,2020,Cat A (Cars up to 1600cc and 97kW),1034,35010,1390,1025,321024.0,2160.0,2239.0
January 2020 First Open Bidding Exercise,2020-01-08,2020,Cat A (Cars up to 1600cc and 97kW),1035,35320,1450,1026,321024.0,2160.0,2239.0
December 2019 Second Open Bidding Exercise,2019-12-18,2019,Cat A (Cars up to 1600cc and 97kW),1029,32889,1256,1013,321103.0,2156.0,2145.0
December 2019 First Open Bidding Exercise,2019-12-04,2019,Cat A (Cars up to 1600cc and 97kW),1030,33009,1386,1013,321103.0,2156.0,2145.0
November 2019 Second Open Bidding Exercise,2019-11-20,2019,Cat A (Cars up to 1600cc and 97kW),1023,32000,1468,1012,321092.0,2447.0,2143.0
November 2019 First Open Bidding Exercise,2019-11-06,2019,Cat A (Cars up to 1600cc and 97kW),1043,30000,1302,1031,321092.0,2447.0,2143.0
October 2019 Second Open Bidding Exercise,2019-10-23,2019,Cat A (Cars up to 1600cc and 97kW),1060,32309,1467,1056,320788.0,2202.0,2192.0
October 2019 First Open Bidding Exercise,2019-10-09,2019,Cat A (Cars up to 1600cc and 97kW),1057,34001,1659,1033,320788.0,2202.0,2192.0
September 2019 Second Open Bidding Exercise,2019-09-18,2019,Cat A (Cars up to 1600cc and 97kW),1056,31759,1453,1053,320778.0,2567.0,2146.0
September 2019 First Open Bidding Exercise,2019-09-04,2019,Cat A (Cars up to 1600cc and 97kW),1056,31783,1656,1056,320778.0,2567.0,2146.0
August 2019 Second Open Bidding Exercise,2019-08-21,2019,Cat A (Cars up to 1600cc and 97kW),1062,31917,1725,1062,320357.0,2390.0,2176.0
August 2019 First Open Bidding Exercise,2019-08-07,2019,Cat A (Cars up to 1600cc and 97kW),1059,32725,2023,1059,320357.0,2390.0,2176.0
July 2019 Second Open Bidding Exercise,2019-07-17,2019,Cat A (Cars up to 1600cc and 97kW),1623,26667,1902,1617,320143.0,3658.0,2450.0
July 2019 First Open Bidding Exercise,2019-07-03,2019,Cat A (Cars up to 1600cc and 97kW),1431,28589,1795,1428,320143.0,3658.0,2450.0
June 2019 Second Open Bidding Exercise,2019-06-19,2019,Cat A (Cars up to 1600cc and 97kW),1424,26999,1742,1225,318935.0,3188.0,2001.0
June 2019 First Open Bidding Exercise,2019-06-06,2019,Cat A (Cars up to 1600cc and 97kW),1424,30009,1902,1417,318935.0,3188.0,2001.0
May 2019 Second Open Bidding Exercise,2019-05-23,2019,Cat A (Cars up to 1600cc and 97kW),1475,27000,1799,1475,317748.0,3567.0,2316.0
May 2019 First Open Bidding Exercise,2019-05-08,2019,Cat A (Cars up to 1600cc and 97kW),1431,36704,1988,1431,317748.0,3567.0,2316.0
April 2019 Second Open Bidding Exercise,2019-04-17,2019,Cat A (Cars up to 1600cc and 97kW),1653,33199,2249,1603,316497.0,3920.0,2724.0
April 2019 First Open Bidding Exercise,2019-04-03,2019,Cat A (Cars up to 1600cc and 97kW),1656,29159,2338,1650,316497.0,3920.0,2724.0
March 2019 Second Open Bidding Exercise,2019-03-20,2019,Cat A (Cars up to 1600cc and 97kW),1650,26659,2204,1647,315301.0,3573.0,3477.0
March 2019 First Open Bidding Exercise,2019-03-06,2019,Cat A (Cars up to 1600cc and 97kW),1659,26309,2213,1653,315301.0,3573.0,3477.0
February 2019 Second Open Bidding Exercise,2019-02-20,2019,Cat A (Cars up to 1600cc and 97kW),1650,26301,2261,1650,315205.0,2408.0,2570.0
February 2019 First Open Bidding Exercise,2019-02-08,2019,Cat A (Cars up to 1600cc and 97kW),1662,25689,2371,1653,315205.0,2408.0,2570.0
January 2019 Second Open Bidding Exercise,2019-01-23,2019,Cat A (Cars up to 1600cc and 97kW),1818,26170,2864,1818,315367.0,4111.0,3438.0
January 2019 First Open Bidding Exercise,2019-01-09,2019,Cat A (Cars up to 1600cc and 97kW),1815,25920,2707,1804,315367.0,4111.0,3438.0
December 2018 Second Open Bidding Exercise,2018-12-19,2018,Cat A (Cars up to 1600cc and 97kW),1890,25501,2729,1887,314694.0,2930.0,3465.0
December 2018 First Open Bidding Exercise,2018-12-05,2018,Cat A (Cars up to 1600cc and 97kW),1878,23568,2177,1878,314694.0,2930.0,3465.0
November 2018 Second Open Bidding Exercise,2018-11-21,2018,Cat A (Cars up to 1600cc and 97kW),1818,25000,2231,1744,315229.0,3238.0,3872.0
November 2018 First Open Bidding Exercise,2018-11-08,2018,Cat A (Cars up to 1600cc and 97kW),1819,28199,2849,1757,315229.0,3238.0,3872.0
October 2018 Second Open Bidding Exercise,2018-10-17,2018,Cat A (Cars up to 1600cc and 97kW),1674,25556,1811,1672,315863.0,3018.0,3656.0
October 2018 First Open Bidding Exercise,2018-10-03,2018,Cat A (Cars up to 1600cc and 97kW),1668,28457,2059,1665,315863.0,3018.0,3656.0
September 2018 Second Open Bidding Exercise,2018-09-19,2018,Cat A (Cars up to 1600cc and 97kW),1664,28000,2059,1655,316501.0,2887.0,3886.0
September 2018 First Open Bidding Exercise,2018-09-05,2018,Cat A (Cars up to 1600cc and 97kW),1664,30209,2488,1661,316501.0,2887.0,3886.0
August 2018 Second Open Bidding Exercise,2018-08-23,2018,Cat A (Cars up to 1600cc and 97kW),1695,31997,2948,1695,317500.0,2721.0,4001.0
August 2018 First Open Bidding Exercise,2018-08-08,2018,Cat A (Cars up to 1600cc and 97kW),1672,33798,3633,1672,317500.0,2721.0,4001.0
July 2018 Second Open Bidding Exercise,2018-07-18,2018,Cat A (Cars up to 1600cc and 97kW),1443,32699,3100,1412,318780.0,2059.0,4213.0
July 2018 First Open Bidding Exercise,2018-07-04,2018,Cat A (Cars up to 1600cc and 97kW),1435,25000,1626,1427,318780.0,2059.0,4213.0
June 2018 Second Open Bidding Exercise,2018-06-20,2018,Cat A (Cars up to 1600cc and 97kW),1446,34110,1818,1437,320934.0,5927.0,3823.0
June 2018 First Open Bidding Exercise,2018-06-06,2018,Cat A (Cars up to 1600cc and 97kW),1441,36426,1696,1440,320934.0,5927.0,3823.0
May 2018 Second Open Bidding Exercise,2018-05-23,2018,Cat A (Cars up to 1600cc and 97kW),1434,38001,1805,1422,318830.0,3889.0,3653.0
May 2018 First Open Bidding Exercise,2018-05-09,2018,Cat A (Cars up to 1600cc and 97kW),1435,38941,1836,1428,318830.0,3889.0,3653.0
April 2018 Second Open Bidding Exercise,2018-04-18,2018,Cat A (Cars up to 1600cc and 97kW),1566,38510,2027,1566,318594.0,3342.0,3604.0
April 2018 First Open Bidding Exercise,2018-04-04,2018,Cat A (Cars up to 1600cc and 97kW),1566,37000,1888,1564,318594.0,3342.0,3604.0
March 2018 Second Open Bidding Exercise,2018-03-21,2018,Cat A (Cars up to 1600cc and 97kW),1559,38000,2117,1551,318856.0,3674.0,3310.0
March 2018 First Open Bidding Exercise,2018-03-07,2018,Cat A (Cars up to 1600cc and 97kW),1580,38830,2405,1572,318856.0,3674.0,3310.0
February 2018 Second Open Bidding Exercise,2018-02-21,2018,Cat A (Cars up to 1600cc and 97kW),1562,36810,2073,1561,318492.0,2668.0,2458.0
February 2018 First Open Bidding Exercise,2018-02-07,2018,Cat A (Cars up to 1600cc and 97kW),1557,40000,2389,1534,318492.0,2668.0,2458.0
January 2018 Second Open Bidding Exercise,2018-01-17,2018,Cat A (Cars up to 1600cc and 97kW),1713,36890,1938,1708,318282.0,3524.0,3778.0
January 2018 First Open Bidding Exercise,2018-01-04,2018,Cat A (Cars up to 1600cc and 97kW),1693,41400,2264,1693,318282.0,3524.0,3778.0
December 2017 Second Open Bidding Exercise,2017-12-20,2017,Cat A (Cars up to 1600cc and 97kW),1687,38200,1970,1654,318536.0,4369.0,3440.0
December 2017 First Open Bidding Exercise,2017-12-06,2017,Cat A (Cars up to 1600cc and 97kW),1680,42339,2158,1667,318536.0,4369.0,3440.0
November 2017 Second Open Bidding Exercise,2017-11-22,2017,Cat A (Cars up to 1600cc and 97kW),1686,46791,2721,1679,317607.0,3754.0,3371.0
November 2017 First Open Bidding Exercise,2017-11-08,2017,Cat A (Cars up to 1600cc and 97kW),1683,47112,3430,1683,317607.0,3754.0,3371.0
October 2017 Second Open Bidding Exercise,2017-10-19,2017,Cat A (Cars up to 1600cc and 97kW),1815,41617,2391,1809,317224.0,3416.0,3554.0
October 2017 First Open Bidding Exercise,2017-10-04,2017,Cat A (Cars up to 1600cc and 97kW),1829,41761,2808,1827,317224.0,3416.0,3554.0
September 2017 Second Open Bidding Exercise,2017-09-20,2017,Cat A (Cars up to 1600cc and 97kW),1815,42902,3469,1815,317362.0,2775.0,3495.0
September 2017 First Open Bidding Exercise,2017-09-06,2017,Cat A (Cars up to 1600cc and 97kW),1820,36001,2195,1806,317362.0,2775.0,3495.0
August 2017 Second Open Bidding Exercise,2017-08-23,2017,Cat A (Cars up to 1600cc and 97kW),1817,42900,2148,1817,318082.0,3746.0,3720.0
August 2017 First Open Bidding Exercise,2017-08-10,2017,Cat A (Cars up to 1600cc and 97kW),1817,46778,2403,1812,318082.0,3746.0,3720.0
July 2017 Second Open Bidding Exercise,2017-07-19,2017,Cat A (Cars up to 1600cc and 97kW),1907,44002,2389,1905,318056.0,3674.0,3762.0
July 2017 First Open Bidding Exercise,2017-07-05,2017,Cat A (Cars up to 1600cc and 97kW),1904,42801,2296,1902,318056.0,3674.0,3762.0
June 2017 Second Open Bidding Exercise,2017-06-21,2017,Cat A (Cars up to 1600cc and 97kW),1906,42801,2302,1898,318144.0,4189.0,3886.0
June 2017 First Open Bidding Exercise,2017-06-07,2017,Cat A (Cars up to 1600cc and 97kW),1898,45201,2245,1893,318144.0,4189.0,3886.0
May 2017 Second Open Bidding Exercise,2017-05-24,2017,Cat A (Cars up to 1600cc and 97kW),1920,46489,2601,1913,317841.0,4473.0,4074.0
May 2017 First Open Bidding Exercise,2017-05-11,2017,Cat A (Cars up to 1600cc and 97kW),1905,51106,2240,1905,317841.0,4473.0,4074.0
April 2017 Second Open Bidding Exercise,2017-04-26,2017,Cat A (Cars up to 1600cc and 97kW),2052,51600,2442,2030,317442.0,3672.0,3914.0
April 2017 First Open Bidding Exercise,2017-04-12,2017,Cat A (Cars up to 1600cc and 97kW),2068,52000,2486,2061,317442.0,3672.0,3914.0
March 2017 Second Open Bidding Exercise,2017-03-29,2017,Cat A (Cars up to 1600cc and 97kW),2096,51765,2961,2096,317684.0,4666.0,4428.0
March 2017 First Open Bidding Exercise,2017-03-15,2017,Cat A (Cars up to 1600cc and 97kW),2061,50789,3190,2045,317684.0,4666.0,4428.0
February 2017 Second Open Bidding Exercise,2017-02-24,2017,Cat A (Cars up to 1600cc and 97kW),2133,49430,2926,2089,317446.0,3647.0,3588.0
February 2017 First Open Bidding Exercise,2017-02-08,2017,Cat A (Cars up to 1600cc and 97kW),2060,48401,2691,2051,317446.0,3647.0,3588.0
January 2017 Second Open Bidding Exercise,2017-01-18,2017,Cat A (Cars up to 1600cc and 97kW),1846,50889,2437,1766,317387.0,3695.0,4389.0
January 2017 First Open Bidding Exercise,2017-01-05,2017,Cat A (Cars up to 1600cc and 97kW),1877,50101,2260,1870,317387.0,3695.0,4389.0
December 2016 Second Open Bidding Exercise,2016-12-21,2016,Cat A (Cars up to 1600cc and 97kW),1844,49751,2554,1843,318081.0,3735.0,4513.0
December 2016 First Open Bidding Exercise,2016-12-07,2016,Cat A (Cars up to 1600cc and 97kW),1844,48000,2335,1812,318081.0,3735.0,4513.0
November 2016 Second Open Bidding Exercise,2016-11-23,2016,Cat A (Cars up to 1600cc and 97kW),1846,50951,2536,1846,318859.0,3674.0,4463.0
November 2016 First Open Bidding Exercise,2016-11-09,2016,Cat A (Cars up to 1600cc and 97kW),1929,52668,2800,1929,318859.0,3674.0,4463.0
October 2016 Second Open Bidding Exercise,2016-10-19,2016,Cat A (Cars up to 1600cc and 97kW),2023,50991,2584,2021,319648.0,4247.0,4475.0
October 2016 First Open Bidding Exercise,2016-10-05,2016,Cat A (Cars up to 1600cc and 97kW),2064,51507,2938,1979,319648.0,4247.0,4475.0
September 2016 Second Open Bidding Exercise,2016-09-21,2016,Cat A (Cars up to 1600cc and 97kW),2008,50000,2610,1993,319876.0,4486.0,3798.0
September 2016 First Open Bidding Exercise,2016-09-07,2016,Cat A (Cars up to 1600cc and 97kW),2067,51506,2739,2011,319876.0,4486.0,3798.0
August 2016 Second Open Bidding Exercise,2016-08-17,2016,Cat A (Cars up to 1600cc and 97kW),2034,53334,2803,2034,319188.0,4229.0,4027.0
August 2016 First Open Bidding Exercise,2016-08-03,2016,Cat A (Cars up to 1600cc and 97kW),2018,52503,2712,1959,319188.0,4229.0,4027.0
July 2016 Second Open Bidding Exercise,2016-07-20,2016,Cat A (Cars up to 1600cc and 97kW),2272,53000,3195,2246,318986.0,3859.0,4244.0
July 2016 First Open Bidding Exercise,2016-07-07,2016,Cat A (Cars up to 1600cc and 97kW),2222,52301,3194,2212,318986.0,3859.0,4244.0
June 2016 Second Open Bidding Exercise,2016-06-22,2016,Cat A (Cars up to 1600cc and 97kW),2252,55200,3957,2197,319371.0,4847.0,4064.0
June 2016 First Open Bidding Exercise,2016-06-08,2016,Cat A (Cars up to 1600cc and 97kW),2218,53694,4545,2213,319371.0,4847.0,4064.0
May 2016 Second Open Bidding Exercise,2016-05-18,2016,Cat A (Cars up to 1600cc and 97kW),2217,47020,3227,2182,318588.0,4910.0,4493.0
May 2016 First Open Bidding Exercise,2016-05-05,2016,Cat A (Cars up to 1600cc and 97kW),2218,47889,3446,2217,318588.0,4910.0,4493.0
April 2016 Second Open Bidding Exercise,2016-04-20,2016,Cat A (Cars up to 1600cc and 97kW),2062,47300,3327,2061,318171.0,3997.0,4575.0
April 2016 First Open Bidding Exercise,2016-04-06,2016,Cat A (Cars up to 1600cc and 97kW),2105,46009,3719,2103,318171.0,3997.0,4575.0
March 2016 Second Open Bidding Exercise,2016-03-23,2016,Cat A (Cars up to 1600cc and 97kW),2053,45504,3836,2020,318749.0,4124.0,5937.0
March 2016 First Open Bidding Exercise,2016-03-09,2016,Cat A (Cars up to 1600cc and 97kW),2033,45000,3518,1957,318749.0,4124.0,5937.0
February 2016 Second Open Bidding Exercise,2016-02-17,2016,Cat A (Cars up to 1600cc and 97kW),2049,43000,2965,2025,320562.0,3239.0,4105.0
February 2016 First Open Bidding Exercise,2016-02-03,2016,Cat A (Cars up to 1600cc and 97kW),2038,46651,2972,2033,320562.0,3239.0,4105.0
January 2016 Second Open Bidding Exercise,2016-01-20,2016,Cat A (Cars up to 1600cc and 97kW),1659,51301,3437,1638,321428.0,3953.0,4497.0
January 2016 First Open Bidding Exercise,2016-01-06,2016,Cat A (Cars up to 1600cc and 97kW),1659,45002,2013,1649,321428.0,3953.0,4497.0
December 2015 Second Open Bidding Exercise,2015-12-23,2015,Cat A (Cars up to 1600cc and 97kW),1669,54301,1978,1667,321972.0,3676.0,4580.0
December 2015 First Open Bidding Exercise,2015-12-09,2015,Cat A (Cars up to 1600cc and 97kW),1698,56989,2132,1696,321972.0,3676.0,4580.0
November 2015 Second Open Bidding Exercise,2015-11-18,2015,Cat A (Cars up to 1600cc and 97kW),1662,59200,2140,1650,322876.0,3564.0,4216.0
November 2015 First Open Bidding Exercise,2015-11-04,2015,Cat A (Cars up to 1600cc and 97kW),1664,56001,2009,1623,322876.0,3564.0,4216.0
October 2015 Second Open Bidding Exercise,2015-10-21,2015,Cat A (Cars up to 1600cc and 97kW),1690,57301,2229,1684,323528.0,3667.0,4496.0
October 2015 First Open Bidding Exercise,2015-10-07,2015,Cat A (Cars up to 1600cc and 97kW),1687,56001,2210,1679,323528.0,3667.0,4496.0
September 2015 Second Open Bidding Exercise,2015-09-23,2015,Cat A (Cars up to 1600cc and 97kW),1687,55399,2276,1684,324357.0,2811.0,3756.0
September 2015 First Open Bidding Exercise,2015-09-09,2015,Cat A (Cars up to 1600cc and 97kW),1688,57089,2553,1688,324357.0,2811.0,3756.0
August 2015 Second Open Bidding Exercise,2015-08-19,2015,Cat A (Cars up to 1600cc and 97kW),1756,57498,2597,1756,325302.0,2446.0,3252.0
August 2015 First Open Bidding Exercise,2015-08-05,2015,Cat A (Cars up to 1600cc and 97kW),1688,56209,2446,1687,325302.0,2446.0,3252.0
July 2015 Second Open Bidding Exercise,2015-07-22,2015,Cat A (Cars up to 1600cc and 97kW),1435,55889,1966,1365,326108.0,1777.0,3798.0
July 2015 First Open Bidding Exercise,2015-07-08,2015,Cat A (Cars up to 1600cc and 97kW),1466,58700,1891,1464,326108.0,1777.0,3798.0
June 2015 Second Open Bidding Exercise,2015-06-17,2015,Cat A (Cars up to 1600cc and 97kW),1429,61000,1766,1421,328129.0,3853.0,3761.0
June 2015 First Open Bidding Exercise,2015-06-04,2015,Cat A (Cars up to 1600cc and 97kW),1432,66000,1943,1393,328129.0,3853.0,3761.0
May 2015 Second Open Bidding Exercise,2015-05-20,2015,Cat A (Cars up to 1600cc and 97kW),1434,66590,2351,1431,328037.0,2501.0,3627.0
May 2015 First Open Bidding Exercise,2015-05-06,2015,Cat A (Cars up to 1600cc and 97kW),1444,68589,2891,1438,328037.0,2501.0,3627.0
April 2015 Second Open Bidding Exercise,2015-04-22,2015,Cat A (Cars up to 1600cc and 97kW),987,67601,2055,979,329163.0,1866.0,3618.0
April 2015 First Open Bidding Exercise,2015-04-08,2015,Cat A (Cars up to 1600cc and 97kW),988,67749,2340,970,329163.0,1866.0,3618.0
March 2015 Second Open Bidding Exercise,2015-03-18,2015,Cat A (Cars up to 1600cc and 97kW),987,64700,2251,987,330915.0,1958.0,4030.0
March 2015 First Open Bidding Exercise,2015-03-04,2015,Cat A (Cars up to 1600cc and 97kW),987,61410,2120,986,330915.0,1958.0,4030.0
February 2015 Second Open Bidding Exercise,2015-02-17,2015,Cat A (Cars up to 1600cc and 97kW),988,57199,1294,988,332987.0,1306.0,2142.0
February 2015 First Open Bidding Exercise,2015-02-04,2015,Cat A (Cars up to 1600cc and 97kW),992,62002,1295,991,332987.0,1306.0,2142.0
January 2015 Second Open Bidding Exercise,2015-01-21,2015,Cat A (Cars up to 1600cc and 97kW),705,65001,1068,703,333823.0,1547.0,3174.0
January 2015 First Open Bidding Exercise,2015-01-07,2015,Cat A (Cars up to 1600cc and 97kW),704,66010,940,698,333823.0,1547.0,3174.0
December 2014 Second Open Bidding Exercise,2014-12-17,2014,Cat A (Cars up to 1600cc and 97kW),705,65889,868,699,335450.0,1482.0,2263.0
December 2014 First Open Bidding Exercise,2014-12-03,2014,Cat A (Cars up to 1600cc and 97kW),709,67089,996,703,335450.0,1482.0,2263.0
November 2014 Second Open Bidding Exercise,2014-11-19,2014,Cat A (Cars up to 1600cc and 97kW),701,67889,1144,694,336231.0,1269.0,2068.0
November 2014 First Open Bidding Exercise,2014-11-05,2014,Cat A (Cars up to 1600cc and 97kW),703,64900,1196,692,336231.0,1269.0,2068.0
October 2014 Second Open Bidding Exercise,2014-10-23,2014,Cat A (Cars up to 1600cc and 97kW),572,63990,1092,569,337030.0,1261.0,2080.0
October 2014 First Open Bidding Exercise,2014-10-09,2014,Cat A (Cars up to 1600cc and 97kW),575,63880,1097,570,337030.0,1261.0,2080.0
September 2014 Second Open Bidding Exercise,2014-09-17,2014,Cat A (Cars up to 1600cc and 97kW),573,62000,792,573,337849.0,1256.0,1875.0
September 2014 First Open Bidding Exercise,2014-09-03,2014,Cat A (Cars up to 1600cc and 97kW),572,64841,813,568,337849.0,1256.0,1875.0
August 2014 Second Open Bidding Exercise,2014-08-20,2014,Cat A (Cars up to 1600cc and 97kW),575,65710,994,574,338468.0,1081.0,1415.0
August 2014 First Open Bidding Exercise,2014-08-06,2014,Cat A (Cars up to 1600cc and 97kW),574,64600,1086,574,338468.0,1081.0,1415.0
July 2014 Second Open Bidding Exercise,2014-07-23,2014,Cat A (Cars up to 1600cc and 97kW),509,62890,1190,505,338802.0,937.0,1507.0
July 2014 First Open Bidding Exercise,2014-07-09,2014,Cat A (Cars up to 1600cc and 97kW),513,61990,1075,511,338802.0,937.0,1507.0
June 2014 Second Open Bidding Exercise,2014-06-18,2014,Cat A (Cars up to 1600cc and 97kW),509,61899,1040,506,339372.0,963.0,1291.0
June 2014 First Open Bidding Exercise,2014-06-04,2014,Cat A (Cars up to 1600cc and 97kW),507,63190,1040,499,339372.0,963.0,1291.0
May 2014 Second Open Bidding Exercise,2014-05-21,2014,Cat A (Cars up to 1600cc and 97kW),509,65689,997,506,339700.0,905.0,1271.0
May 2014 First Open Bidding Exercise,2014-05-07,2014,Cat A (Cars up to 1600cc and 97kW),513,60002,676,512,339700.0,905.0,1271.0
April 2014 Second Open Bidding Exercise,2014-04-23,2014,Cat A (Cars up to 1600cc and 97kW),361,71335,513,357,340066.0,768.0,1347.0
April 2014 First Open Bidding Exercise,2014-04-09,2014,Cat A (Cars up to 1600cc and 97kW),367,77400,537,360,340066.0,768.0,1347.0
March 2014 Second Open Bidding Exercise,2014-03-19,2014,Cat A (Cars up to 1600cc and 97kW),362,78602,577,360,340645.0,806.0,1330.0
March 2014 First Open Bidding Exercise,2014-03-05,2014,Cat A (Cars up to 1600cc and 97kW),365,76999,615,356,340645.0,806.0,1330.0
February 2014 Second Open Bidding Exercise,2014-02-19,2014,Cat A (Cars up to 1600cc and 97kW),362,77201,700,358,341169.0,754.0,1104.0
February 2014 First Open Bidding Exercise,2014-02-05,2014,Cat A (Cars up to 1600cc and 97kW),362,71564,719,356,341169.0,754.0,1104.0
January 2014 Second Open Bidding Exercise,2014-01-22,2014,Cat A (Cars up to 1600cc and 97kW),368,72290,724,364,341519.0,844.0,1011.0
January 2014 First Open Bidding Exercise,2014-01-08,2014,Cat A (Cars up to 1600cc and 97kW),364,72369,623,361,341519.0,844.0,1011.0
December 2013 Second Open Bidding Exercise,2013-12-18,2013,Cat A (Cars up to 1600cc and 97kW),367,74002,574,363,341686.0,733.0,804.0
December 2013 First Open Bidding Exercise,2013-12-04,2013,Cat A (Cars up to 1600cc and 97kW),364,73160,591,364,341686.0,733.0,804.0
November 2013 Second Open Bidding Exercise,2013-11-20,2013,Cat A (Cars up to 1600cc and 97kW),364,74991,650,361,341757.0,647.0,759.0
November 2013 First Open Bidding Exercise,2013-11-06,2013,Cat A (Cars up to 1600cc and 97kW),368,72609,590,368,341757.0,647.0,759.0
October 2013 Second Open Bidding Exercise,2013-10-23,2013,Cat A (Cars up to 1600cc and 97kW),373,76889,596,373,341869.0,650.0,798.0
October 2013 First Open Bidding Exercise,2013-10-09,2013,Cat A (Cars up to 1600cc and 97kW),365,85000,615,361,341869.0,650.0,798.0
September 2013 Second Open Bidding Exercise,2013-09-18,2013,Cat A (Cars up to 1600cc and 97kW),370,83751,654,361,342017.0,938.0,719.0
September 2013 First Open Bidding Exercise,2013-09-04,2013,Cat A (Cars up to 1600cc and 97kW),366,77304,609,365,342017.0,938.0,719.0
August 2013 Second Open Bidding Exercise,2013-08-21,2013,Cat A (Cars up to 1600cc and 97kW),366,76223,596,360,341798.0,675.0,643.0
August 2013 First Open Bidding Exercise,2013-08-07,2013,Cat A (Cars up to 1600cc and 97kW),373,75556,754,371,341798.0,675.0,643.0
July 2013 Second Open Bidding Exercise,2013-07-17,2013,Cat A (Cars up to 1600cc and 97kW),334,73989,621,332,341766.0,714.0,722.0
July 2013 First Open Bidding Exercise,2013-07-03,2013,Cat A (Cars up to 1600cc and 97kW),338,73100,716,328,341766.0,714.0,722.0
June 2013 Second Open Bidding Exercise,2013-06-19,2013,Cat A (Cars up to 1600cc and 97kW),342,69903,788,341,341774.0,867.0,713.0
June 2013 First Open Bidding Exercise,2013-06-05,2013,Cat A (Cars up to 1600cc and 97kW),341,67301,855,336,341774.0,867.0,713.0
May 2013 Second Open Bidding Exercise,2013-05-22,2013,Cat A (Cars up to 1600cc and 97kW),333,64839,888,324,341620.0,980.0,971.0
May 2013 First Open Bidding Exercise,2013-05-08,2013,Cat A (Cars up to 1600cc and 97kW),336,62999,912,329,341620.0,980.0,971.0
April 2013 Second Open Bidding Exercise,2013-04-24,2013,Cat A (Cars up to 1600cc and 97kW),333,62497,993,333,341611.0,764.0,1033.0
April 2013 First Open Bidding Exercise,2013-04-10,2013,Cat A (Cars up to 1600cc and 97kW),341,61029,966,339,341611.0,764.0,1033.0
March 2013 Second Open Bidding Exercise,2013-03-27,2013,Cat A (Cars up to 1600cc and 97kW),337,64209,923,337,341880.0,719.0,864.0
March 2013 First Open Bidding Exercise,2013-03-13,2013,Cat A (Cars up to 1600cc and 97kW),336,74689,1180,329,341880.0,719.0,864.0
February 2013 Second Open Bidding Exercise,2013-02-20,2013,Cat A (Cars up to 1600cc and 97kW),333,78301,427,329,342025.0,538.0,601.0
February 2013 First Open Bidding Exercise,2013-02-06,2013,Cat A (Cars up to 1600cc and 97kW),335,87109,418,333,342025.0,538.0,601.0
January 2013 Second Open Bidding Exercise,2013-01-23,2013,Cat A (Cars up to 1600cc and 97kW),409,91010,489,409,342088.0,966.0,702.0
January 2013 First Open Bidding Exercise,2013-01-09,2013,Cat A (Cars up to 1600cc and 97kW),410,92100,555,409,342088.0,966.0,702.0
December 2012 Second Open Bidding Exercise,2012-12-19,2012,Cat A (Cars up to 1600cc and 97kW),395,81889,499,378,341824.0,793.0,600.0
December 2012 First Open Bidding Exercise,2012-12-05,2012,Cat A (Cars up to 1600cc and 97kW),395,78523,482,378,341824.0,793.0,600.0
November 2012 Second Open Bidding Exercise,2012-11-21,2012,Cat A (Cars up to 1600cc and 97kW),396,77291,540,393,341631.0,1055.0,546.0
November 2012 First Open Bidding Exercise,2012-11-07,2012,Cat A (Cars up to 1600cc and 97kW),395,77201,621,393,341631.0,1055.0,546.0
October 2012 Second Open Bidding Exercise,2012-10-17,2012,Cat A (Cars up to 1600cc and 97kW),393,71001,509,390,341122.0,967.0,569.0
October 2012 First Open Bidding Exercise,2012-10-03,2012,Cat A (Cars up to 1600cc and 97kW),401,69000,506,399,341122.0,967.0,569.0
September 2012 Second Open Bidding Exercise,2012-09-19,2012,Cat A (Cars up to 1600cc and 97kW),402,63000,486,402,340724.0,975.0,479.0
September 2012 First Open Bidding Exercise,2012-09-05,2012,Cat A (Cars up to 1600cc and 97kW),399,68000,518,391,340724.0,975.0,479.0
August 2012 Second Open Bidding Exercise,2012-08-23,2012,Cat A (Cars up to 1600cc and 97kW),400,66889,530,391,340228.0,906.0,531.0
August 2012 First Open Bidding Exercise,2012-08-08,2012,Cat A (Cars up to 1600cc and 97kW),421,73501,724,415,340228.0,906.0,531.0
July 2012 Second Open Bidding Exercise,2012-07-18,2012,Cat A (Cars up to 1600cc and 97kW),676,68656,911,669,339853.0,941.0,571.0
July 2012 First Open Bidding Exercise,2012-07-04,2012,Cat A (Cars up to 1600cc and 97kW),641,59421,872,613,339853.0,941.0,571.0
June 2012 Second Open Bidding Exercise,2012-06-20,2012,Cat A (Cars up to 1600cc and 97kW),633,59004,920,577,339483.0,1174.0,513.0
June 2012 First Open Bidding Exercise,2012-06-06,2012,Cat A (Cars up to 1600cc and 97kW),668,59003,1004,647,339483.0,1174.0,513.0
May 2012 Second Open Bidding Exercise,2012-05-23,2012,Cat A (Cars up to 1600cc and 97kW),630,58001,945,617,338822.0,955.0,591.0
May 2012 First Open Bidding Exercise,2012-05-09,2012,Cat A (Cars up to 1600cc and 97kW),641,62600,822,593,338822.0,955.0,591.0
April 2012 Second Open Bidding Exercise,2012-04-18,2012,Cat A (Cars up to 1600cc and 97kW),629,64201,1011,618,338458.0,976.0,578.0
April 2012 First Open Bidding Exercise,2012-04-04,2012,Cat A (Cars up to 1600cc and 97kW),637,58501,960,615,338458.0,976.0,578.0
March 2012 Second Open Bidding Exercise,2012-03-21,2012,Cat A (Cars up to 1600cc and 97kW),636,56501,1067,626,338060.0,1114.0,604.0
March 2012 First Open Bidding Exercise,2012-03-07,2012,Cat A (Cars up to 1600cc and 97kW),667,56551,912,649,338060.0,1114.0,604.0
February 2012 Second Open Bidding Exercise,2012-02-22,2012,Cat A (Cars up to 1600cc and 97kW),624,57009,1017,607,337550.0,1154.0,542.0
February 2012 First Open Bidding Exercise,2012-02-08,2012,Cat A (Cars up to 1600cc and 97kW),619,52809,1058,571,337550.0,1154.0,542.0
January 2012 Second Open Bidding Exercise,2012-01-18,2012,Cat A (Cars up to 1600cc and 97kW),657,48112,903,652,336938.0,861.0,438.0
January 2012 First Open Bidding Exercise,2012-01-05,2012,Cat A (Cars up to 1600cc and 97kW),554,46889,901,554,336938.0,861.0,438.0
December 2011 Second Open Bidding Exercise,2011-12-21,2011,Cat A (Cars up to 1600cc and 97kW),566,50001,878,457,336515.0,818.0,423.0
December 2011 First Open Bidding Exercise,2011-12-07,2011,Cat A (Cars up to 1600cc and 97kW),549,52392,781,543,336515.0,818.0,423.0
November 2011 Second Open Bidding Exercise,2011-11-23,2011,Cat A (Cars up to 1600cc and 97kW),559,54887,756,541,336120.0,869.0,480.0
November 2011 First Open Bidding Exercise,2011-11-10,2011,Cat A (Cars up to 1600cc and 97kW),548,55997,766,547,336120.0,869.0,480.0
October 2011 Second Open Bidding Exercise,2011-10-19,2011,Cat A (Cars up to 1600cc and 97kW),565,56112,873,554,335731.0,756.0,445.0
October 2011 First Open Bidding Exercise,2011-10-05,2011,Cat A (Cars up to 1600cc and 97kW),549,50289,793,549,335731.0,756.0,445.0
September 2011 Second Open Bidding Exercise,2011-09-21,2011,Cat A (Cars up to 1600cc and 97kW),548,48006,951,531,335420.0,968.0,363.0
September 2011 First Open Bidding Exercise,2011-09-07,2011,Cat A (Cars up to 1600cc and 97kW),548,51000,794,547,335420.0,968.0,363.0
August 2011 Second Open Bidding Exercise,2011-08-17,2011,Cat A (Cars up to 1600cc and 97kW),557,49301,927,557,334815.0,925.0,3780.0
August 2011 First Open Bidding Exercise,2011-08-03,2011,Cat A (Cars up to 1600cc and 97kW),566,48801,1034,566,334815.0,925.0,3780.0
July 2011 Second Open Bidding Exercise,2011-07-20,2011,Cat A (Cars up to 1600cc and 97kW),510,56002,776,501,337670.0,989.0,1386.0
July 2011 First Open Bidding Exercise,2011-07-06,2011,Cat A (Cars up to 1600cc and 97kW),514,55989,839,497,337670.0,989.0,1386.0
June 2011 Second Open Bidding Exercise,2011-06-22,2011,Cat A (Cars up to 1600cc and 97kW),512,50244,715,512,338067.0,1055.0,1261.0
June 2011 First Open Bidding Exercise,2011-06-08,2011,Cat A (Cars up to 1600cc and 97kW),510,53390,880,506,338067.0,1055.0,1261.0
May 2011 Second Open Bidding Exercise,2011-05-19,2011,Cat A (Cars up to 1600cc and 97kW),523,46989,760,521,338273.0,775.0,1427.0
May 2011 First Open Bidding Exercise,2011-05-05,2011,Cat A (Cars up to 1600cc and 97kW),511,44790,944,511,338273.0,775.0,1427.0
April 2011 Second Open Bidding Exercise,2011-04-20,2011,Cat A (Cars up to 1600cc and 97kW),565,44000,964,552,338925.0,897.0,966.0
April 2011 First Open Bidding Exercise,2011-04-06,2011,Cat A (Cars up to 1600cc and 97kW),512,43212,813,511,338925.0,897.0,966.0
March 2011 Second Open Bidding Exercise,2011-03-23,2011,Cat A (Cars up to 1600cc and 97kW),527,43813,927,472,338994.0,1019.0,1047.0
March 2011 First Open Bidding Exercise,2011-03-09,2011,Cat A (Cars up to 1600cc and 97kW),532,42600,875,530,338994.0,1019.0,1047.0
February 2011 Second Open Bidding Exercise,2011-02-23,2011,Cat A (Cars up to 1600cc and 97kW),511,42999,788,494,339022.0,603.0,561.0
February 2011 First Open Bidding Exercise,2011-02-09,2011,Cat A (Cars up to 1600cc and 97kW),523,37124,1146,501,339022.0,603.0,561.0
January 2011 Second Open Bidding Exercise,2011-01-19,2011,Cat A (Cars up to 1600cc and 97kW),607,40123,1091,606,338980.0,1142.0,707.0
January 2011 First Open Bidding Exercise,2011-01-05,2011,Cat A (Cars up to 1600cc and 97kW),614,38889,1192,602,338980.0,1142.0,707.0
December 2010 Second Open Bidding Exercise,2010-12-22,2010,Cat A (Cars up to 1600cc and 97kW),617,46129,755,607,338545.0,864.0,828.0
December 2010 First Open Bidding Exercise,2010-12-08,2010,Cat A (Cars up to 1600cc and 97kW),598,47604,1020,582,338545.0,864.0,828.0
November 2010 Second Open Bidding Exercise,2010-11-18,2010,Cat A (Cars up to 1600cc and 97kW),597,39000,833,577,338509.0,1044.0,829.0
November 2010 First Open Bidding Exercise,2010-11-03,2010,Cat A (Cars up to 1600cc and 97kW),598,34001,843,598,338509.0,1044.0,829.0
October 2010 Second Open Bidding Exercise,2010-10-20,2010,Cat A (Cars up to 1600cc and 97kW),647,32415,817,647,338294.0,1023.0,873.0
October 2010 First Open Bidding Exercise,2010-10-06,2010,Cat A (Cars up to 1600cc and 97kW),601,33132,722,601,338294.0,1023.0,873.0
September 2010 Second Open Bidding Exercise,2010-09-22,2010,Cat A (Cars up to 1600cc and 97kW),597,30001,993,547,338144.0,1079.0,834.0
September 2010 First Open Bidding Exercise,2010-09-08,2010,Cat A (Cars up to 1600cc and 97kW),631,33089,775,628,338144.0,1079.0,834.0
August 2010 Second Open Bidding Exercise,2010-08-18,2010,Cat A (Cars up to 1600cc and 97kW),606,29000,975,606,337899.0,1207.0,916.0
August 2010 First Open Bidding Exercise,2010-08-04,2010,Cat A (Cars up to 1600cc and 97kW),622,32104,786,589,337899.0,1207.0,916.0
July 2010 Second Open Bidding Exercise,2010-07-21,2010,Cat A (Cars up to 1600cc and 97kW),699,36162,967,691,337608.0,1378.0,1068.0
July 2010 First Open Bidding Exercise,2010-07-07,2010,Cat A (Cars up to 1600cc and 97kW),700,29501,893,676,337608.0,1378.0,1068.0
June 2010 Second Open Bidding Exercise,2010-06-23,2010,Cat A (Cars up to 1600cc and 97kW),699,31510,902,697,337298.0,1439.0,1131.0
June 2010 First Open Bidding Exercise,2010-06-09,2010,Cat A (Cars up to 1600cc and 97kW),706,30051,1107,704,337298.0,1439.0,1131.0
May 2010 Second Open Bidding Exercise,2010-05-19,2010,Cat A (Cars up to 1600cc and 97kW),699,27389,1036,697,336990.0,1360.0,1006.0
May 2010 First Open Bidding Exercise,2010-05-05,2010,Cat A (Cars up to 1600cc and 97kW),806,26102,1294,798,336990.0,1360.0,1006.0
April 2010 Second Open Bidding Exercise,2010-04-21,2010,Cat A (Cars up to 1600cc and 97kW),706,30000,1242,704,336636.0,1499.0,908.0
April 2010 First Open Bidding Exercise,2010-04-07,2010,Cat A (Cars up to 1600cc and 97kW),705,34001,1379,597,336636.0,1499.0,908.0
March 2010 Second Open Bidding Exercise,2010-03-24,2010,Cat A (Cars up to 1600cc and 97kW),1146,28389,2183,1137,336045.0,2349.0,1595.0
March 2010 First Open Bidding Exercise,2010-03-10,2010,Cat A (Cars up to 1600cc and 97kW),1148,20802,1758,1141,336045.0,2349.0,1595.0
February 2010 Second Open Bidding Exercise,2010-02-24,2010,Cat A (Cars up to 1600cc and 97kW),1148,20340,1493,1148,335291.0,1873.0,1337.0
February 2010 First Open Bidding Exercise,2010-02-03,2010,Cat A (Cars up to 1600cc and 97kW),1154,19989,1326,1153,335291.0,1873.0,1337.0
January 2010 Second Open Bidding Exercise,2010-01-20,2010,Cat A (Cars up to 1600cc and 97kW),1151,20501,1673,1149,334755.0,3507.0,1743.0
January 2010 First Open Bidding Exercise,2010-01-06,2010,Cat A (Cars up to 1600cc and 97kW),1152,18502,1342,1145,334755.0,3507.0,1743.0
December 2009 Second Open Bidding Exercise,2009-12-23,2009,Cat A (Cars up to 1600cc and 97kW),1150,18150,1465,1145,332991.0,2153.0,1480.0
December 2009 First Open Bidding Exercise,2009-12-09,2009,Cat A (Cars up to 1600cc and 97kW),1151,18502,1658,1146,332991.0,2153.0,1480.0
November 2009 Second Open Bidding Exercise,2009-11-18,2009,Cat A (Cars up to 1600cc and 97kW),1146,17189,1261,1142,332318.0,2417.0,1348.0
November 2009 First Open Bidding Exercise,2009-11-04,2009,Cat A (Cars up to 1600cc and 97kW),1226,16747,1395,1222,332318.0,2417.0,1348.0
October 2009 Second Open Bidding Exercise,2009-10-21,2009,Cat A (Cars up to 1600cc and 97kW),1149,18899,1544,1149,331249.0,2755.0,1494.0
October 2009 First Open Bidding Exercise,2009-10-07,2009,Cat A (Cars up to 1600cc and 97kW),1151,16201,1392,1072,331249.0,2755.0,1494.0
September 2009 Second Open Bidding Exercise,2009-09-24,2009,Cat A (Cars up to 1600cc and 97kW),1403,15589,1527,1400,329988.0,2693.0,1492.0
September 2009 First Open Bidding Exercise,2009-09-09,2009,Cat A (Cars up to 1600cc and 97kW),1395,18020,1844,1391,329988.0,2693.0,1492.0
August 2009 Second Open Bidding Exercise,2009-08-19,2009,Cat A (Cars up to 1600cc and 97kW),1395,15019,1567,1387,328787.0,2801.0,1624.0
August 2009 First Open Bidding Exercise,2009-08-05,2009,Cat A (Cars up to 1600cc and 97kW),1395,13658,1558,1395,328787.0,2801.0,1624.0
July 2009 Second Open Bidding Exercise,2009-07-22,2009,Cat A (Cars up to 1600cc and 97kW),1408,15291,1603,1408,327610.0,2835.0,2012.0
July 2009 First Open Bidding Exercise,2009-07-08,2009,Cat A (Cars up to 1600cc and 97kW),1405,14310,1655,1405,327610.0,2835.0,2012.0
June 2009 Second Open Bidding Exercise,2009-06-17,2009,Cat A (Cars up to 1600cc and 97kW),1415,12899,1735,1402,326787.0,3568.0,2252.0
June 2009 First Open Bidding Exercise,2009-06-03,2009,Cat A (Cars up to 1600cc and 97kW),1401,11690,1967,1391,326787.0,3568.0,2252.0
May 2009 Second Open Bidding Exercise,2009-05-20,2009,Cat A (Cars up to 1600cc and 97kW),1402,9889,1999,1383,325471.0,3574.0,2268.0
May 2009 First Open Bidding Exercise,2009-05-06,2009,Cat A (Cars up to 1600cc and 97kW),1396,8489,2037,1391,325471.0,3574.0,2268.0
April 2009 Second Open Bidding Exercise,2009-04-22,2009,Cat A (Cars up to 1600cc and 97kW),1396,7589,1906,1390,324165.0,3194.0,2487.0
April 2009 First Open Bidding Exercise,2009-04-08,2009,Cat A (Cars up to 1600cc and 97kW),1396,7090,2026,1396,324165.0,3194.0,2487.0
March 2009 Second Open Bidding Exercise,2009-03-18,2009,Cat A (Cars up to 1600cc and 97kW),1843,5116,2202,1843,323458.0,4603.0,3241.0
March 2009 First Open Bidding Exercise,2009-03-04,2009,Cat A (Cars up to 1600cc and 97kW),1839,4890,2376,1839,323458.0,4603.0,3241.0
February 2009 Second Open Bidding Exercise,2009-02-18,2009,Cat A (Cars up to 1600cc and 97kW),1846,4460,2722,1842,322096.0,3977.0,2983.0
February 2009 First Open Bidding Exercise,2009-02-04,2009,Cat A (Cars up to 1600cc and 97kW),1894,1020,2077,1894,322096.0,3977.0,2983.0
January 2009 Second Open Bidding Exercise,2009-01-21,2009,Cat A (Cars up to 1600cc and 97kW),1839,2693,2109,1832,321102.0,3825.0,2779.0
January 2009 First Open Bidding Exercise,2009-01-07,2009,Cat A (Cars up to 1600cc and 97kW),1839,5001,2541,1784,321102.0,3825.0,2779.0
December 2008 Second Open Bidding Exercise,2008-12-17,2008,Cat A (Cars up to 1600cc and 97kW),1851,6200,2788,1851,320056.0,5001.0,3303.0
December 2008 First Open Bidding Exercise,2008-12-03,2008,Cat A (Cars up to 1600cc and 97kW),1840,7721,3149,1840,320056.0,5001.0,3303.0
November 2008 Second Open Bidding Exercise,2008-11-19,2008,Cat A (Cars up to 1600cc and 97kW),1851,2,1852,1840,318384.0,4150.0,3172.0
November 2008 First Open Bidding Exercise,2008-11-05,2008,Cat A (Cars up to 1600cc and 97kW),1848,10455,2049,1848,318384.0,4150.0,3172.0
October 2008 Second Open Bidding Exercise,2008-10-22,2008,Cat A (Cars up to 1600cc and 97kW),1846,10989,2149,1835,317406.0,3928.0,3085.0
October 2008 First Open Bidding Exercise,2008-10-08,2008,Cat A (Cars up to 1600cc and 97kW),1856,13801,2320,1848,317406.0,3928.0,3085.0
September 2008 Second Open Bidding Exercise,2008-09-17,2008,Cat A (Cars up to 1600cc and 97kW),2035,14100,2765,2029,316563.0,4706.0,3299.0
September 2008 First Open Bidding Exercise,2008-09-03,2008,Cat A (Cars up to 1600cc and 97kW),2038,9501,2172,2022,316563.0,4706.0,3299.0
August 2008 Second Open Bidding Exercise,2008-08-20,2008,Cat A (Cars up to 1600cc and 97kW),2036,13289,2318,2036,315156.0,3716.0,2825.0
August 2008 First Open Bidding Exercise,2008-08-06,2008,Cat A (Cars up to 1600cc and 97kW),2035,12501,2267,2032,315156.0,3716.0,2825.0
July 2008 Second Open Bidding Exercise,2008-07-23,2008,Cat A (Cars up to 1600cc and 97kW),2048,14101,2464,2047,314265.0,4608.0,3269.0
July 2008 First Open Bidding Exercise,2008-07-09,2008,Cat A (Cars up to 1600cc and 97kW),2036,14685,2463,2036,314265.0,4608.0,3269.0
June 2008 Second Open Bidding Exercise,2008-06-18,2008,Cat A (Cars up to 1600cc and 97kW),2037,14101,2319,2024,312926.0,4714.0,3230.0
June 2008 First Open Bidding Exercise,2008-06-04,2008,Cat A (Cars up to 1600cc and 97kW),2038,14590,2500,2038,312926.0,4714.0,3230.0
May 2008 Second Open Bidding Exercise,2008-05-22,2008,Cat A (Cars up to 1600cc and 97kW),2063,15701,2824,2062,311442.0,4608.0,3103.0
May 2008 First Open Bidding Exercise,2008-05-07,2008,Cat A (Cars up to 1600cc and 97kW),2053,11009,2211,2051,311442.0,4608.0,3103.0
April 2008 Second Open Bidding Exercise,2008-04-23,2008,Cat A (Cars up to 1600cc and 97kW),2036,15600,2197,2009,309937.0,4972.0,3498.0
April 2008 First Open Bidding Exercise,2008-04-09,2008,Cat A (Cars up to 1600cc and 97kW),2043,16930,2570,2026,309937.0,4972.0,3498.0
March 2008 Second Open Bidding Exercise,2008-03-19,2008,Cat A (Cars up to 1600cc and 97kW),2161,15389,2474,2161,308463.0,4127.0,3486.0
March 2008 First Open Bidding Exercise,2008-03-05,2008,Cat A (Cars up to 1600cc and 97kW),2171,14351,2727,2164,308463.0,4127.0,3486.0
February 2008 Second Open Bidding Exercise,2008-02-20,2008,Cat A (Cars up to 1600cc and 97kW),2291,12856,2923,2288,307821.0,3595.0,2549.0
February 2008 First Open Bidding Exercise,2008-02-05,2008,Cat A (Cars up to 1600cc and 97kW),2167,12002,3005,2155,307821.0,3595.0,2549.0
January 2008 Second Open Bidding Exercise,2008-01-23,2008,Cat A (Cars up to 1600cc and 97kW),2231,12001,2611,2098,306775.0,5210.0,3288.0
January 2008 First Open Bidding Exercise,2008-01-09,2008,Cat A (Cars up to 1600cc and 97kW),2162,14052,2553,2154,306775.0,5210.0,3288.0
January 2007 First Open Bidding Exercise,2007-01-01,2007,Cat A (Cars up to 1600cc and 97kW),2668,11704,3686,2663,286918.0,6686.0,4319.0
January 2007 Second Open Bidding Exercise,2007-01-15,2007,Cat A (Cars up to 1600cc and 97kW),2671,11881,3155,2670,286918.0,6686.0,4319.0
February 2007 First Open Bidding Exercise,2007-02-01,2007,Cat A (Cars up to 1600cc and 97kW),2673,11489,3005,2654,288505.0,5082.0,3495.0
February 2007 Second Open Bidding Exercise,2007-02-15,2007,Cat A (Cars up to 1600cc and 97kW),2670,5200,2823,2670,288505.0,5082.0,3495.0
March 2007 First Open Bidding Exercise,2007-03-01,2007,Cat A (Cars up to 1600cc and 97kW),2687,12602,5296,2680,290285.0,6015.0,4235.0
March 2007 Second Open Bidding Exercise,2007-03-15,2007,Cat A (Cars up to 1600cc and 97kW),2669,13504,4752,2659,290285.0,6015.0,4235.0
April 2007 First Open Bidding Exercise,2007-04-01,2007,Cat A (Cars up to 1600cc and 97kW),2165,14000,3691,2161,291972.0,5485.0,3798.0
April 2007 Second Open Bidding Exercise,2007-04-15,2007,Cat A (Cars up to 1600cc and 97kW),2168,14601,3327,2168,291972.0,5485.0,3798.0
May 2007 First Open Bidding Exercise,2007-05-01,2007,Cat A (Cars up to 1600cc and 97kW),2163,16159,3449,2163,293604.0,5237.0,3605.0
May 2007 Second Open Bidding Exercise,2007-05-15,2007,Cat A (Cars up to 1600cc and 97kW),2158,17010,2825,2147,293604.0,5237.0,3605.0
June 2007 First Open Bidding Exercise,2007-06-01,2007,Cat A (Cars up to 1600cc and 97kW),2159,16181,2441,2159,295817.0,5531.0,3318.0
June 2007 Second Open Bidding Exercise,2007-06-15,2007,Cat A (Cars up to 1600cc and 97kW),2169,15591,2489,2119,295817.0,5531.0,3318.0
July 2007 First Open Bidding Exercise,2007-07-01,2007,Cat A (Cars up to 1600cc and 97kW),2159,14801,2480,2150,297343.0,4636.0,3110.0
July 2007 Second Open Bidding Exercise,2007-07-15,2007,Cat A (Cars up to 1600cc and 97kW),2208,16000,2678,2177,297343.0,4636.0,3110.0
August 2007 First Open Bidding Exercise,2007-08-01,2007,Cat A (Cars up to 1600cc and 97kW),2168,17001,2632,2018,298733.0,4242.0,2852.0
August 2007 Second Open Bidding Exercise,2007-08-15,2007,Cat A (Cars up to 1600cc and 97kW),2189,8118,2315,2188,298733.0,4242.0,2852.0
September 2007 First Open Bidding Exercise,2007-09-01,2007,Cat A (Cars up to 1600cc and 97kW),2309,17999,3753,2303,300612.0,4629.0,2750.0
September 2007 Second Open Bidding Exercise,2007-09-15,2007,Cat A (Cars up to 1600cc and 97kW),2159,17941,3055,2159,300612.0,4629.0,2750.0
October 2007 First Open Bidding Exercise,2007-10-01,2007,Cat A (Cars up to 1600cc and 97kW),2165,16999,2604,2160,302146.0,4669.0,3135.0
October 2007 Second Open Bidding Exercise,2007-10-15,2007,Cat A (Cars up to 1600cc and 97kW),2158,12401,2472,2158,302146.0,4669.0,3135.0
November 2007 First Open Bidding Exercise,2007-11-01,2007,Cat A (Cars up to 1600cc and 97kW),2164,16839,3040,2149,303559.0,3886.0,2473.0
November 2007 Second Open Bidding Exercise,2007-11-15,2007,Cat A (Cars up to 1600cc and 97kW),2158,14404,2450,2154,303559.0,3886.0,2473.0
December 2007 First Open Bidding Exercise,2007-12-01,2007,Cat A (Cars up to 1600cc and 97kW),2174,12001,2373,2171,304853.0,4102.0,2805.0
December 2007 Second Open Bidding Exercise,2007-12-15,2007,Cat A (Cars up to 1600cc and 97kW),2162,14001,2588,2089,304853.0,4102.0,2805.0
January 2006 First Open Bidding Exercise,2006-01-01,2006,Cat A (Cars up to 1600cc and 97kW),2787,10602,3076,2778,269747.0,6630.0,4755.0
January 2006 Second Open Bidding Exercise,2006-01-15,2006,Cat A (Cars up to 1600cc and 97kW),2785,8009,3213,2783,269747.0,6630.0,4755.0
February 2006 First Open Bidding Exercise,2006-02-01,2006,Cat A (Cars up to 1600cc and 97kW),2794,10284,5517,2787,270276.0,4858.0,4329.0
February 2006 Second Open Bidding Exercise,2006-02-15,2006,Cat A (Cars up to 1600cc and 97kW),2787,10103,5030,2779,270276.0,4858.0,4329.0
March 2006 First Open Bidding Exercise,2006-03-01,2006,Cat A (Cars up to 1600cc and 97kW),2792,11199,5001,2786,272085.0,7783.0,5974.0
March 2006 Second Open Bidding Exercise,2006-03-15,2006,Cat A (Cars up to 1600cc and 97kW),2792,11904,4381,2784,272085.0,7783.0,5974.0
April 2006 First Open Bidding Exercise,2006-04-01,2006,Cat A (Cars up to 1600cc and 97kW),2222,11901,3183,2215,272933.0,5508.0,4660.0
April 2006 Second Open Bidding Exercise,2006-04-15,2006,Cat A (Cars up to 1600cc and 97kW),2225,11901,2762,2220,272933.0,5508.0,4660.0
May 2006 First Open Bidding Exercise,2006-05-01,2006,Cat A (Cars up to 1600cc and 97kW),2223,10003,2426,2222,274526.0,6203.0,4610.0
May 2006 Second Open Bidding Exercise,2006-05-15,2006,Cat A (Cars up to 1600cc and 97kW),2222,10100,2473,2222,274526.0,6203.0,4610.0
June 2006 First Open Bidding Exercise,2006-06-01,2006,Cat A (Cars up to 1600cc and 97kW),2217,11202,2688,2217,276010.0,5918.0,4434.0
June 2006 Second Open Bidding Exercise,2006-06-15,2006,Cat A (Cars up to 1600cc and 97kW),2217,9301,2393,2213,276010.0,5918.0,4434.0
July 2006 First Open Bidding Exercise,2006-07-01,2006,Cat A (Cars up to 1600cc and 97kW),2216,10201,2867,2210,277303.0,6166.0,4873.0
July 2006 Second Open Bidding Exercise,2006-07-15,2006,Cat A (Cars up to 1600cc and 97kW),2221,10803,2776,2213,277303.0,6166.0,4873.0
August 2006 First Open Bidding Exercise,2006-08-01,2006,Cat A (Cars up to 1600cc and 97kW),2222,11901,3333,2215,277776.0,5192.0,4719.0
August 2006 Second Open Bidding Exercise,2006-08-15,2006,Cat A (Cars up to 1600cc and 97kW),2225,12989,3398,2219,277776.0,5192.0,4719.0
September 2006 First Open Bidding Exercise,2006-09-01,2006,Cat A (Cars up to 1600cc and 97kW),2223,13003,2878,2222,279009.0,4804.0,3571.0
September 2006 Second Open Bidding Exercise,2006-09-15,2006,Cat A (Cars up to 1600cc and 97kW),2223,13102,2921,2223,279009.0,4804.0,3571.0
October 2006 First Open Bidding Exercise,2006-10-01,2006,Cat A (Cars up to 1600cc and 97kW),2670,12001,2953,2644,281020.0,5846.0,3835.0
October 2006 Second Open Bidding Exercise,2006-10-15,2006,Cat A (Cars up to 1600cc and 97kW),2669,10510,2761,2669,281020.0,5846.0,3835.0
November 2006 First Open Bidding Exercise,2006-11-01,2006,Cat A (Cars up to 1600cc and 97kW),2695,12979,4013,2693,282642.0,5945.0,4323.0
November 2006 Second Open Bidding Exercise,2006-11-15,2006,Cat A (Cars up to 1600cc and 97kW),2669,12689,3499,2668,282642.0,5945.0,4323.0
December 2006 First Open Bidding Exercise,2006-12-01,2006,Cat A (Cars up to 1600cc and 97kW),2670,12200,3018,2670,284551.0,5961.0,4027.0
December 2006 Second Open Bidding Exercise,2006-12-15,2006,Cat A (Cars up to 1600cc and 97kW),2670,9605,2886,2668,284551.0,5961.0,4027.0
January 2005 First Open Bidding Exercise,2005-01-01,2005,Cat A (Cars up to 1600cc and 97kW),2513,18400,2677,2512,260049.0,6702.0,5282.0
January 2005 Second Open Bidding Exercise,2005-01-15,2005,Cat A (Cars up to 1600cc and 97kW),2513,19501,3793,2508,260049.0,6702.0,5282.0
February 2005 First Open Bidding Exercise,2005-02-01,2005,Cat A (Cars up to 1600cc and 97kW),2514,18200,3394,2511,260026.0,3978.0,4001.0
February 2005 Second Open Bidding Exercise,2005-02-15,2005,Cat A (Cars up to 1600cc and 97kW),2518,18159,3140,2511,260026.0,3978.0,4001.0
March 2005 First Open Bidding Exercise,2005-03-01,2005,Cat A (Cars up to 1600cc and 97kW),2516,20654,3784,2509,260396.0,6929.0,6559.0
March 2005 Second Open Bidding Exercise,2005-03-15,2005,Cat A (Cars up to 1600cc and 97kW),2520,18901,3176,2449,260396.0,6929.0,6559.0
April 2005 First Open Bidding Exercise,2005-04-01,2005,Cat A (Cars up to 1600cc and 97kW),2200,18279,2685,2200,261209.0,6130.0,5317.0
April 2005 Second Open Bidding Exercise,2005-04-15,2005,Cat A (Cars up to 1600cc and 97kW),2264,18101,2563,2203,261209.0,6130.0,5317.0
May 2005 First Open Bidding Exercise,2005-05-01,2005,Cat A (Cars up to 1600cc and 97kW),2193,17398,2594,2185,261865.0,5439.0,4783.0
May 2005 Second Open Bidding Exercise,2005-05-15,2005,Cat A (Cars up to 1600cc and 97kW),2254,16897,2548,2251,261865.0,5439.0,4783.0
June 2005 First Open Bidding Exercise,2005-06-01,2005,Cat A (Cars up to 1600cc and 97kW),2201,17481,2873,2174,262962.0,5950.0,4853.0
June 2005 Second Open Bidding Exercise,2005-06-15,2005,Cat A (Cars up to 1600cc and 97kW),2196,17289,2636,2186,262962.0,5950.0,4853.0
July 2005 First Open Bidding Exercise,2005-07-01,2005,Cat A (Cars up to 1600cc and 97kW),2220,16112,2445,2218,263927.0,5948.0,4983.0
July 2005 Second Open Bidding Exercise,2005-07-15,2005,Cat A (Cars up to 1600cc and 97kW),2203,16500,2758,2197,263927.0,5948.0,4983.0
August 2005 First Open Bidding Exercise,2005-08-01,2005,Cat A (Cars up to 1600cc and 97kW),2195,16502,2843,2194,264313.0,4885.0,4499.0
August 2005 Second Open Bidding Exercise,2005-08-15,2005,Cat A (Cars up to 1600cc and 97kW),2199,16101,2421,2190,264313.0,4885.0,4499.0
September 2005 First Open Bidding Exercise,2005-09-01,2005,Cat A (Cars up to 1600cc and 97kW),2194,16461,2854,2194,265131.0,5406.0,4588.0
September 2005 Second Open Bidding Exercise,2005-09-15,2005,Cat A (Cars up to 1600cc and 97kW),2202,15309,2428,2179,265131.0,5406.0,4588.0
October 2005 First Open Bidding Exercise,2005-10-01,2005,Cat A (Cars up to 1600cc and 97kW),2785,11991,3188,2784,266260.0,5908.0,4779.0
October 2005 Second Open Bidding Exercise,2005-10-15,2005,Cat A (Cars up to 1600cc and 97kW),2808,14501,5927,2759,266260.0,5908.0,4779.0
November 2005 First Open Bidding Exercise,2005-11-01,2005,Cat A (Cars up to 1600cc and 97kW),2786,14700,5624,2779,266526.0,5057.0,4791.0
November 2005 Second Open Bidding Exercise,2005-11-15,2005,Cat A (Cars up to 1600cc and 97kW),2834,14001,4781,2761,266526.0,5057.0,4791.0
December 2005 First Open Bidding Exercise,2005-12-01,2005,Cat A (Cars up to 1600cc and 97kW),2792,13700,4171,2790,267872.0,6136.0,4782.0
December 2005 Second Open Bidding Exercise,2005-12-15,2005,Cat A (Cars up to 1600cc and 97kW),2858,12081,3309,2858,267872.0,6136.0,4782.0
January 2004 First Open Bidding Exercise,2004-01-01,2004,Cat A (Cars up to 1600cc and 97kW),1919,23801,2549,1913,259959.0,4944.0,4536.0
January 2004 Second Open Bidding Exercise,2004-01-15,2004,Cat A (Cars up to 1600cc and 97kW),1912,24001,2616,1898,259959.0,4944.0,4536.0
February 2004 First Open Bidding Exercise,2004-02-01,2004,Cat A (Cars up to 1600cc and 97kW),1917,24489,2701,1905,259601.0,5129.0,5487.0
February 2004 Second Open Bidding Exercise,2004-02-15,2004,Cat A (Cars up to 1600cc and 97kW),1925,24389,2534,1917,259601.0,5129.0,5487.0
March 2004 First Open Bidding Exercise,2004-03-01,2004,Cat A (Cars up to 1600cc and 97kW),1923,24597,2539,1920,258532.0,5271.0,6340.0
March 2004 Second Open Bidding Exercise,2004-03-15,2004,Cat A (Cars up to 1600cc and 97kW),1919,24940,2613,1905,258532.0,5271.0,6340.0
April 2004 First Open Bidding Exercise,2004-04-01,2004,Cat A (Cars up to 1600cc and 97kW),1937,26689,3386,1928,257931.0,4391.0,4992.0
April 2004 Second Open Bidding Exercise,2004-04-15,2004,Cat A (Cars up to 1600cc and 97kW),1947,27564,3042,1947,257931.0,4391.0,4992.0
May 2004 First Open Bidding Exercise,2004-05-01,2004,Cat A (Cars up to 1600cc and 97kW),1943,27507,2565,1943,257392.0,4349.0,4888.0
May 2004 Second Open Bidding Exercise,2004-05-15,2004,Cat A (Cars up to 1600cc and 97kW),1933,27501,2236,1922,257392.0,4349.0,4888.0
June 2004 First Open Bidding Exercise,2004-06-01,2004,Cat A (Cars up to 1600cc and 97kW),1934,28798,2722,1927,256968.0,4293.0,4717.0
June 2004 Second Open Bidding Exercise,2004-06-15,2004,Cat A (Cars up to 1600cc and 97kW),1944,28331,2302,1944,256968.0,4293.0,4717.0
July 2004 First Open Bidding Exercise,2004-07-01,2004,Cat A (Cars up to 1600cc and 97kW),1941,27769,2193,1941,257523.0,5109.0,4554.0
July 2004 Second Open Bidding Exercise,2004-07-15,2004,Cat A (Cars up to 1600cc and 97kW),1933,27019,2104,1928,257523.0,5109.0,4554.0
August 2004 First Open Bidding Exercise,2004-08-01,2004,Cat A (Cars up to 1600cc and 97kW),1934,26298,2145,1932,257637.0,4346.0,4232.0
August 2004 Second Open Bidding Exercise,2004-08-15,2004,Cat A (Cars up to 1600cc and 97kW),1938,25797,2237,1932,257637.0,4346.0,4232.0
September 2004 First Open Bidding Exercise,2004-09-01,2004,Cat A (Cars up to 1600cc and 97kW),1936,26801,2628,1927,257872.0,4615.0,4380.0
September 2004 Second Open Bidding Exercise,2004-09-15,2004,Cat A (Cars up to 1600cc and 97kW),1939,24189,2126,1937,257872.0,4615.0,4380.0
October 2004 First Open Bidding Exercise,2004-10-01,2004,Cat A (Cars up to 1600cc and 97kW),2523,23001,3106,2522,258400.0,5394.0,4866.0
October 2004 Second Open Bidding Exercise,2004-10-15,2004,Cat A (Cars up to 1600cc and 97kW),2515,23784,3805,2514,258400.0,5394.0,4866.0
November 2004 First Open Bidding Exercise,2004-11-01,2004,Cat A (Cars up to 1600cc and 97kW),2514,22496,3115,2507,258835.0,5405.0,4970.0
November 2004 Second Open Bidding Exercise,2004-11-15,2004,Cat A (Cars up to 1600cc and 97kW),2514,22001,3095,2507,258835.0,5405.0,4970.0
December 2004 First Open Bidding Exercise,2004-12-01,2004,Cat A (Cars up to 1600cc and 97kW),2520,22463,3224,2520,258629.0,4923.0,5123.0
December 2004 Second Open Bidding Exercise,2004-12-15,2004,Cat A (Cars up to 1600cc and 97kW),2520,20117,2709,2520,258629.0,4923.0,5123.0
January 2003 First Open Bidding Exercise,2003-01-01,2003,Cat A (Cars up to 1600cc and 97kW),1342,28489,2153,1335,267646.0,4297.0,4490.0
January 2003 Second Open Bidding Exercise,2003-01-15,2003,Cat A (Cars up to 1600cc and 97kW),1333,26499,1651,1325,267646.0,4297.0,4490.0
February 2003 First Open Bidding Exercise,2003-02-01,2003,Cat A (Cars up to 1600cc and 97kW),1339,31003,2405,1339,266421.0,2704.0,3929.0
February 2003 Second Open Bidding Exercise,2003-02-15,2003,Cat A (Cars up to 1600cc and 97kW),1340,29999,2251,1335,266421.0,2704.0,3929.0
March 2003 First Open Bidding Exercise,2003-03-01,2003,Cat A (Cars up to 1600cc and 97kW),1332,28308,1990,1329,265447.0,4132.0,5105.0
March 2003 Second Open Bidding Exercise,2003-03-15,2003,Cat A (Cars up to 1600cc and 97kW),1337,26999,1923,1333,265447.0,4132.0,5105.0
April 2003 First Open Bidding Exercise,2003-04-01,2003,Cat A (Cars up to 1600cc and 97kW),1473,27497,2816,1464,264711.0,3979.0,4714.0
April 2003 Second Open Bidding Exercise,2003-04-15,2003,Cat A (Cars up to 1600cc and 97kW),1474,28054,2728,1473,264711.0,3979.0,4714.0
May 2003 First Open Bidding Exercise,2003-05-01,2003,Cat A (Cars up to 1600cc and 97kW),1479,29299,3284,1479,264152.0,4434.0,4994.0
May 2003 Second Open Bidding Exercise,2003-05-15,2003,Cat A (Cars up to 1600cc and 97kW),1471,31095,2621,1463,264152.0,4434.0,4994.0
June 2003 First Open Bidding Exercise,2003-06-01,2003,Cat A (Cars up to 1600cc and 97kW),1470,31799,2388,1469,263030.0,3414.0,4508.0
June 2003 Second Open Bidding Exercise,2003-06-15,2003,Cat A (Cars up to 1600cc and 97kW),1478,31440,2267,1471,263030.0,3414.0,4508.0
July 2003 First Open Bidding Exercise,2003-07-01,2003,Cat A (Cars up to 1600cc and 97kW),1471,32079,2341,1462,262483.0,4619.0,5194.0
July 2003 Second Open Bidding Exercise,2003-07-15,2003,Cat A (Cars up to 1600cc and 97kW),1477,31501,1881,1470,262483.0,4619.0,5194.0
August 2003 First Open Bidding Exercise,2003-08-01,2003,Cat A (Cars up to 1600cc and 97kW),1479,30497,1828,1470,261864.0,3560.0,4179.0
August 2003 Second Open Bidding Exercise,2003-08-15,2003,Cat A (Cars up to 1600cc and 97kW),1477,30989,1773,1474,261864.0,3560.0,4179.0
September 2003 First Open Bidding Exercise,2003-09-01,2003,Cat A (Cars up to 1600cc and 97kW),1479,25011,1611,1476,261319.0,4328.0,4873.0
September 2003 Second Open Bidding Exercise,2003-09-15,2003,Cat A (Cars up to 1600cc and 97kW),1473,30629,2798,1459,261319.0,4328.0,4873.0
October 2003 First Open Bidding Exercise,2003-10-01,2003,Cat A (Cars up to 1600cc and 97kW),1914,28915,3039,1904,260588.0,4233.0,4964.0
October 2003 Second Open Bidding Exercise,2003-10-15,2003,Cat A (Cars up to 1600cc and 97kW),1925,28300,2558,1925,260588.0,4233.0,4964.0
November 2003 First Open Bidding Exercise,2003-11-01,2003,Cat A (Cars up to 1600cc and 97kW),1921,26338,2106,1921,260250.0,4492.0,4830.0
November 2003 Second Open Bidding Exercise,2003-11-15,2003,Cat A (Cars up to 1600cc and 97kW),1911,26725,2315,1911,260250.0,4492.0,4830.0
December 2003 First Open Bidding Exercise,2003-12-01,2003,Cat A (Cars up to 1600cc and 97kW),1911,24401,2020,1903,259551.0,4364.0,5059.0
December 2003 Second Open Bidding Exercise,2003-12-15,2003,Cat A (Cars up to 1600cc and 97kW),1911,24251,2376,1910,259551.0,4364.0,5059.0
April 2002 First Open Bidding Exercise,2002-04-01,2002,Cat A (Cars up to 1600cc and 97kW),1110,37201,2484,1092,273428.0,3275.0,3883.0
April 2002 Second Open Bidding Exercise,2002-04-15,2002,Cat A (Cars up to 1600cc and 97kW),1149,36000,1890,1148,273428.0,3275.0,3883.0
May 2002 First Open Bidding Exercise,2002-05-01,2002,Cat A (Cars up to 1600cc and 97kW),1128,35000,1705,1127,273050.0,2725.0,3103.0
May 2002 Second Open Bidding Exercise,2002-05-15,2002,Cat A (Cars up to 1600cc and 97kW),1111,33401,1320,1080,273050.0,2725.0,3103.0
June 2002 First Open Bidding Exercise,2002-06-01,2002,Cat A (Cars up to 1600cc and 97kW),1111,33009,1382,1105,272809.0,2798.0,3039.0
June 2002 Second Open Bidding Exercise,2002-06-15,2002,Cat A (Cars up to 1600cc and 97kW),1141,30281,1382,1133,272809.0,2798.0,3039.0
July 2002 First Open Bidding Exercise,2002-07-01,2002,Cat A (Cars up to 1600cc and 97kW),1116,31407,1890,1108,272056.0,3032.0,3785.0
July 2002 Second Open Bidding Exercise,2002-07-15,2002,Cat A (Cars up to 1600cc and 97kW),1118,30797,1647,1118,272056.0,3032.0,3785.0
August 2002 First Open Bidding Exercise,2002-08-01,2002,Cat A (Cars up to 1600cc and 97kW),1118,30289,1640,1115,270878.0,2365.0,3543.0
August 2002 Second Open Bidding Exercise,2002-08-15,2002,Cat A (Cars up to 1600cc and 97kW),1110,31289,1480,1100,270878.0,2365.0,3543.0
September 2002 First Open Bidding Exercise,2002-09-01,2002,Cat A (Cars up to 1600cc and 97kW),1113,30501,1337,1108,269786.0,2276.0,3368.0
September 2002 Second Open Bidding Exercise,2002-09-15,2002,Cat A (Cars up to 1600cc and 97kW),1120,28409,1286,1118,269786.0,2276.0,3368.0
October 2002 First Open Bidding Exercise,2002-10-01,2002,Cat A (Cars up to 1600cc and 97kW),1115,31334,1889,1101,268694.0,2391.0,3483.0
October 2002 Second Open Bidding Exercise,2002-10-15,2002,Cat A (Cars up to 1600cc and 97kW),1112,30758,1624,1110,268694.0,2391.0,3483.0
November 2002 First Open Bidding Exercise,2002-11-01,2002,Cat A (Cars up to 1600cc and 97kW),1346,29113,1724,1346,268252.0,3103.0,3545.0
November 2002 Second Open Bidding Exercise,2002-11-15,2002,Cat A (Cars up to 1600cc and 97kW),1334,29008,1942,1328,268252.0,3103.0,3545.0
December 2002 First Open Bidding Exercise,2002-12-01,2002,Cat A (Cars up to 1600cc and 97kW),1332,28501,1851,1322,267838.0,3636.0,4050.0
December 2002 Second Open Bidding Exercise,2002-12-15,2002,Cat A (Cars up to 1600cc and 97kW),1338,26993,1546,1337,267838.0,3636.0,4050.0
